Time,Date,Day of the week,CarCount,BikeCount,BusCount,TruckCount,Total,Traffic Situation
900,25,6,13,1,0,10,24,2
38700,19,4,28,1,6,32,67,3
67500,8,6,66,16,17,35,134,1
68400,8,6,59,13,18,27,117,3
24300,7,5,88,12,12,6,118,3
60300,9,4,120,27,27,13,190,0
76500,24,4,75,18,12,32,139,1
24300,10,3,113,12,36,3,166,1
4500,4,2,8,0,1,35,44,3
68400,29,3,68,8,12,32,122,1
32803,13,2,73,11,31,13,130,1
69300,17,4,52,14,18,31,116,1
54000,19,3,123,31,18,13,187,0
69300,11,4,60,15,13,32,122,1
36900,18,4,72,20,29,26,147,1
56700,3,0,52,13,7,8,82,2
20700,31,5,90,10,14,9,123,3
51300,10,5,74,15,31,16,138,1
46800,19,1,53,10,8,14,86,2
36900,19,5,56,9,8,7,81,2
54000,8,6,41,18,4,11,75,2
63000,15,5,134,36,20,9,200,0
72900,12,4,84,15,12,16,127,3
69300,4,2,90,16,14,33,155,1
53100,28,1,66,12,5,11,95,2
37800,21,0,176,48,22,2,250,0
6300,11,6,18,4,0,11,33,2
65700,24,5,102,27,32,5,166,1
55800,26,4,91,12,10,25,138,3
26100,9,4,149,30,14,14,208,0
17100,1,6,82,29,0,20,131,3
18000,22,2,114,28,8,16,166,3
10800,8,6,5,0,0,34,39,3
72000,2,5,87,8,17,31,144,1
36900,6,4,86,13,36,20,156,1
22500,17,5,129,39,42,0,210,0
81900,23,1,11,1,0,19,31,3
52200,13,0,176,50,13,1,240,0
58500,21,2,105,17,34,16,172,0
61200,30,4,136,19,23,8,188,0
65700,11,6,114,24,31,10,179,0
61200,18,4,123,35,34,6,199,0
55800,15,3,29,18,9,15,71,2
56700,29,5,101,12,30,18,163,1
56700,15,3,49,16,9,12,86,2
26100,8,6,142,11,25,5,183,0
22500,30,1,148,26,25,0,199,0
64800,5,3,100,30,30,19,180,0
71100,22,3,79,16,11,32,139,1
73800,11,2,74,12,7,12,106,2
30600,14,0,76,6,2,38,123,1
81000,20,3,16,4,1,13,36,2
27900,9,5,123,27,29,2,183,0
7200,4,2,14,0,0,12,27,2
39600,11,6,51,10,8,22,91,3
21600,13,0,71,9,7,10,97,2
41400,2,4,46,6,11,35,98,3
71100,28,2,57,4,15,29,105,3
68400,15,1,98,5,19,33,156,1
82800,20,0,12,2,0,20,34,3
19800,8,4,81,6,4,8,100,2
5400,25,1,13,1,0,16,32,2
78300,11,5,86,12,11,34,145,1
62100,13,0,54,5,6,10,75,2
66424,6,4,101,22,32,8,165,1
52200,19,3,28,12,6,9,57,2
54900,12,2,85,17,32,17,153,1
46800,18,1,53,10,8,14,86,2
37800,15,1,60,8,7,17,93,2
50400,6,1,70,20,31,17,140,1
37800,4,2,72,24,10,9,115,3
20700,17,3,130,13,20,6,170,0
55800,22,2,67,15,11,10,104,2
21438,26,0,77,12,1,11,102,2
63900,26,3,113,22,39,14,189,0
2700,31,5,13,2,1,32,48,3
52200,23,0,122,44,7,6,179,0
24300,17,3,115,14,32,1,163,1
34200,12,2,67,14,7,10,101,2
74700,5,3,86,6,12,32,138,1
79200,22,1,18,2,0,13,34,2
77400,4,4,63,3,10,15,91,2
23400,22,5,137,13,12,12,176,0
49500,8,4,99,30,32,11,174,0
69300,1,5,75,14,5,34,130,1
9900,10,4,10,2,0,13,25,2
69300,10,1,81,16,19,32,150,1
36900,5,3,88,4,31,17,142,1
52200,8,5,80,15,26,28,151,1
74700,2,3,100,15,15,33,164,1
34200,29,3,40,14,18,21,93,3
64800,20,2,123,5,32,18,180,0
31500,11,1,137,33,31,1,204,0
22500,19,3,105,11,36,3,157,1
16200,31,5,52,6,5,14,77,2
27000,7,4,142,24,34,5,205,0
22843,20,0,31,10,5,12,58,2
4500,31,5,10,2,0,37,49,3
53100,7,5,119,13,32,7,171,0
17100,8,0,61,8,2,53,126,1
75600,22,1,80,12,8,34,135,1
34200,15,3,77,5,5,14,101,2
52200,19,4,44,19,22,6,91,3
1800,13,0,15,1,2,23,41,3
80100,9,4,11,4,1,30,46,3
72900,8,6,71,7,14,33,126,1
47700,13,2,61,15,30,18,125,1
40500,10,5,58,8,14,29,109,3
34200,1,6,41,8,5,17,71,2
28800,25,6,131,19,26,1,177,0
74700,5,3,98,4,13,34,149,1
18000,17,5,94,15,2,9,120,3
60064,15,4,107,19,27,9,163,1
53100,26,2,99,8,30,22,160,1
30600,15,3,98,17,17,14,148,1
54900,15,2,49,12,8,12,83,2
18000,24,2,67,5,0,8,81,2
54900,6,6,20,14,12,17,64,2
35100,7,5,71,8,28,12,120,1
65374,10,3,104,15,40,5,165,1
41400,12,4,59,9,12,26,106,3
46800,21,3,30,7,3,30,70,3
76500,11,4,89,5,11,34,140,1
3600,25,6,20,0,0,10,30,2
17100,28,2,86,1,6,28,121,3
64667,14,1,105,12,39,7,164,1
27900,14,5,147,23,30,2,203,0
27900,25,5,118,25,17,13,174,0
57600,6,1,136,25,40,7,210,0
22500,7,4,128,28,37,4,198,0
6300,25,0,13,1,0,15,31,2
65025,20,5,100,16,37,6,161,1
24300,8,6,145,13,24,3,187,0
72900,7,2,64,4,10,16,94,2
83700,21,2,13,3,0,11,28,2
5400,4,2,6,2,0,24,32,3
53100,4,2,59,14,24,21,118,3
75600,9,1,104,14,12,31,162,1
29700,18,5,140,20,35,0,196,0
77400,13,5,61,0,7,10,79,2
47700,16,0,131,25,9,9,175,0
69300,20,3,56,13,6,16,93,2
36900,16,5,55,10,29,26,121,1
56700,16,0,51,9,3,13,78,2
60300,24,5,143,6,38,13,200,0
27136,25,3,102,25,31,0,161,1
8100,13,3,16,1,0,14,33,2
9000,10,4,16,1,0,13,31,2
66600,10,4,141,23,37,6,209,0
66600,20,0,83,20,23,2,128,3
71100,25,2,57,18,15,34,125,1
45000,26,4,34,8,6,30,78,3
28800,18,3,132,32,27,2,194,0
31500,17,4,103,13,40,1,158,1
14400,12,3,78,7,2,12,100,2
53100,20,5,71,10,29,17,128,1
83700,18,5,12,1,1,17,32,2
29700,6,1,104,14,34,1,155,1
26100,4,2,142,24,22,7,196,0
15300,18,0,58,8,2,50,119,1
30600,15,3,111,16,28,1,158,1
27900,9,4,142,29,16,11,201,0
83700,20,5,13,0,0,17,31,2
80100,1,6,13,2,1,28,44,3
72000,20,3,77,18,16,33,146,1
25200,26,4,134,27,30,0,192,0
39600,2,4,36,5,14,25,80,3
48600,17,5,42,11,12,11,77,2
900,27,0,13,2,1,28,44,3
24300,7,3,146,16,23,5,192,0
34200,19,4,32,5,26,17,80,3
58500,19,5,120,24,29,5,180,0
16200,30,1,99,7,3,6,115,3
36900,24,5,63,9,19,18,109,3
23400,23,4,124,20,24,1,170,0
9900,3,0,15,0,0,27,42,3
23627,25,0,72,7,3,40,123,1
56700,19,6,142,15,33,10,202,0
10800,4,2,9,1,2,27,39,3
14400,13,0,54,7,2,27,90,3
52200,24,4,86,17,33,17,154,1
3600,7,1,15,0,0,11,28,2
49500,8,6,109,21,10,12,152,3
47700,25,6,68,9,6,11,96,2
63900,16,1,120,35,44,8,207,0
2700,11,6,7,0,0,29,36,3
60300,17,0,52,23,7,2,86,2
64800,11,6,104,18,15,15,152,3
47700,17,4,10,14,10,13,49,2
8100,14,2,17,2,0,15,35,2
61742,17,3,101,15,34,7,158,1
55800,16,1,62,14,8,11,96,2
69300,9,4,51,5,5,17,78,2
55800,25,1,34,17,11,15,78,2
22500,16,4,107,30,46,2,187,0
38700,8,4,62,13,34,11,121,1
36000,12,4,26,2,39,26,93,3
31500,27,2,129,15,18,12,176,0
18000,9,3,77,5,6,12,100,2
21600,6,2,93,7,10,24,135,1
72000,25,0,28,5,0,12,46,2
83700,20,0,12,1,2,25,40,3
54000,18,6,36,4,26,12,78,3
65700,25,6,148,11,42,8,209,0
29826,17,0,69,8,0,13,91,2
36000,9,4,77,14,26,15,134,1
56700,28,2,68,19,15,11,113,3
71100,12,2,55,8,12,12,88,2
15300,29,3,114,30,9,7,160,3
41400,20,0,150,44,13,7,214,0
45000,9,0,138,33,17,7,198,0
20700,26,2,134,12,23,5,177,0
78300,17,1,92,7,16,32,148,1
38700,25,6,68,10,5,31,114,1
53100,6,6,83,21,35,15,156,1
43200,10,5,38,10,5,25,78,3
6300,30,1,19,1,0,34,54,3
69300,17,5,101,18,15,15,149,3
53100,20,5,68,22,33,10,135,1
62100,20,3,135,19,36,14,205,0
33300,26,4,45,4,30,29,108,3
21600,19,5,120,26,20,9,177,0
65700,8,3,137,13,15,12,179,0
9900,21,3,12,2,1,10,25,2
54000,15,4,94,19,28,11,154,1
34200,13,2,70,14,7,10,102,2
36900,10,4,54,5,10,6,77,2
19800,21,2,74,2,2,26,104,3
18000,16,1,72,5,6,13,98,2
35100,12,4,16,22,12,20,70,3
82800,23,2,16,0,1,12,30,2
11700,25,6,10,1,2,26,39,3
2700,11,5,16,2,0,13,33,2
56700,17,5,116,19,35,11,181,0
62100,10,4,125,21,33,17,197,0
26100,6,0,51,17,4,14,87,2
85500,30,1,19,0,0,29,48,3
62100,18,6,104,29,32,7,172,0
82800,14,2,9,0,1,20,30,3
50400,25,0,137,46,13,2,198,0
31500,11,6,125,21,20,1,167,3
63900,4,2,147,14,32,10,203,0
48600,23,3,64,27,33,12,138,1
65700,22,3,128,6,13,19,166,3
24300,5,1,123,30,36,1,192,0
47700,20,2,74,3,32,26,136,1
59400,23,2,127,13,23,19,183,0
21600,30,1,114,14,16,13,157,3
78300,26,4,88,14,13,33,149,1
74700,21,2,50,4,9,19,82,3
8100,18,6,16,2,0,37,55,3
56700,13,0,54,6,5,16,82,2
74700,24,5,56,17,20,8,101,3
68400,21,3,57,11,18,34,120,1
64800,20,5,102,14,33,10,160,1
14400,14,5,82,8,0,12,104,2
75600,5,3,109,6,15,18,148,3
66600,8,6,121,21,49,8,199,0
69300,20,4,51,12,9,16,89,2
61200,18,6,133,6,18,10,167,3
50400,17,5,82,13,28,5,128,1
62100,12,0,54,6,5,9,75,2
22500,29,3,126,22,25,4,178,0
47700,4,2,17,4,4,11,36,2
36000,23,3,83,12,27,24,148,1
76500,9,1,60,11,12,31,115,1
8100,31,5,19,1,1,28,49,3
83700,31,5,6,2,1,29,38,3
21391,14,0,70,8,7,10,95,2
45900,28,2,55,6,5,27,93,3
49500,10,5,57,21,35,14,129,1
14400,21,1,65,4,5,13,87,2
18900,13,0,44,6,3,11,66,2
45900,25,6,64,10,9,29,112,3
53100,3,0,139,43,27,3,212,0
81000,7,4,17,4,0,11,33,2
15300,22,0,52,8,1,14,77,2
54000,18,6,14,16,9,14,53,2
39600,9,4,59,2,11,33,105,3
17100,10,5,77,3,0,18,98,2
73800,8,3,46,7,10,7,73,2
76737,8,2,102,18,19,30,171,0
33177,6,1,64,12,38,12,127,1
18000,25,6,85,7,3,18,113,3
8100,10,5,19,2,1,9,33,2
52200,12,0,175,50,13,1,239,0
70200,25,4,85,11,11,32,142,1
56700,6,1,118,8,27,16,169,0
49500,28,2,74,11,23,19,127,3
35100,20,0,140,39,9,8,197,0
36900,8,3,57,4,32,21,117,1
47700,15,3,43,2,23,22,90,3
20700,18,1,77,3,6,9,96,2
54000,21,6,18,15,7,12,55,2
52200,15,2,118,26,16,14,175,0
19800,8,4,77,5,4,10,97,2
33300,6,1,58,6,10,16,92,2
46800,9,4,53,6,10,28,97,3
32746,7,3,67,13,28,15,124,1
3600,8,5,12,2,0,16,32,2
23400,8,3,119,31,36,1,188,0
63900,1,6,116,27,34,20,197,0
73800,11,6,77,7,20,16,120,3
80100,4,2,12,4,1,33,50,3
25742,24,0,58,14,4,12,90,2
35100,23,4,55,11,6,7,81,2
54900,22,2,81,26,13,17,137,3
29700,11,3,119,35,33,3,192,0
14400,13,4,74,7,2,14,97,2
52200,22,3,87,13,34,14,149,1
56700,27,2,68,26,30,14,140,1
29700,14,2,125,32,38,4,199,0
42069,11,4,63,9,9,34,116,1
31500,26,2,100,25,34,1,161,1
59400,16,5,118,32,30,9,191,0
72000,23,1,67,23,14,13,117,3
23400,7,1,79,17,6,12,115,2
29700,2,4,130,27,18,11,187,0
61200,15,0,62,26,4,0,94,2
34200,4,2,73,22,34,9,141,1
18900,27,3,80,8,4,13,107,2
74700,4,2,74,10,17,32,135,1
77400,5,2,71,11,16,33,131,1
18900,24,5,80,10,4,15,109,2
7200,4,0,12,4,0,11,28,2
37800,12,4,59,6,11,11,87,2
38700,12,1,77,7,35,10,130,1
66600,9,4,84,4,14,32,136,1
43200,20,0,153,48,15,7,224,0
36000,14,5,49,13,9,17,88,2
41400,28,2,20,5,13,22,60,3
23400,12,4,117,18,22,12,169,0
61200,21,2,118,30,43,8,200,0
23400,13,0,29,6,1,12,48,2
51300,15,1,22,13,11,6,54,2
50400,22,6,32,20,8,17,78,2
35100,13,0,136,24,20,6,186,0
55800,23,1,40,18,9,20,87,3
30600,7,5,120,12,28,1,163,1
70200,4,2,72,20,5,18,115,3
50400,18,6,96,22,36,5,159,1
27000,11,5,135,18,20,9,183,0
35100,21,1,63,13,27,13,118,1
25200,7,5,131,28,43,5,207,0
9900,10,1,13,3,0,17,34,2
35100,13,5,64,11,11,7,95,2
54000,13,3,31,18,10,11,71,2
1800,24,5,13,2,2,21,38,3
51300,8,4,77,21,27,7,134,1
49500,1,6,96,1,5,25,127,3
63900,7,5,105,13,48,10,176,0
45900,21,2,24,5,11,27,67,3
56700,30,1,95,12,20,15,142,3
66600,3,4,98,18,29,13,159,1
7200,7,1,13,5,0,17,35,2
33300,21,3,65,19,16,11,111,3
21600,18,2,86,8,17,25,139,1
61200,27,0,53,28,21,1,103,3
28800,17,2,131,34,28,2,196,0
36900,28,2,30,6,26,18,80,3
54900,14,2,77,27,23,18,145,3
59400,2,3,145,22,15,10,193,0
48600,17,5,42,11,12,13,79,2
69300,17,0,32,5,1,7,47,2
41400,17,5,65,7,7,22,101,3
32400,4,2,143,28,46,1,218,0
56700,12,0,52,12,9,9,83,2
9000,3,0,15,1,0,26,42,3
55800,15,4,96,23,30,11,161,1
71100,23,1,86,23,19,34,163,1
37800,10,3,61,9,8,14,94,2
900,31,5,19,3,0,18,40,2
35100,7,5,71,8,27,11,119,1
66600,9,4,84,4,14,33,135,1
54000,7,3,54,20,8,13,96,2
51300,31,5,60,19,14,7,100,2
1800,21,1,12,3,0,12,29,2
78300,22,0,25,5,2,7,40,2
77400,10,5,55,7,14,15,93,2
59400,5,5,120,23,23,7,174,0
39600,23,0,133,25,16,7,182,0
28800,18,6,140,40,36,1,217,0
35100,19,4,51,15,9,13,88,2
79200,15,3,12,2,1,32,47,3
79200,14,2,10,1,0,33,44,3
60300,21,3,116,35,42,6,199,0
64599,23,0,63,21,10,1,96,2
69300,11,5,49,9,9,16,85,2
18900,25,3,68,25,5,4,103,2
72900,29,3,60,23,11,26,120,3
76500,13,0,47,2,4,40,93,3
35100,17,2,53,7,36,23,120,1
40500,27,0,174,53,10,3,240,0
33300,22,2,77,16,37,27,158,1
53100,18,1,58,8,6,13,87,2
30600,17,0,71,8,4,48,132,1
61200,9,4,132,16,13,11,172,0
59400,15,0,68,18,7,6,100,2
84600,12,4,15,1,2,20,38,3
82800,8,6,8,0,1,32,41,3
64800,8,6,128,20,16,16,180,0
65700,19,5,135,18,17,15,187,0
4500,1,6,5,1,1,27,34,3
17905,11,0,77,2,2,48,130,1
9000,11,5,43,0,0,1,46,2
32400,8,6,78,8,11,9,106,2
21600,26,4,117,20,22,9,169,0
74700,10,3,56,11,19,32,119,1
29700,9,4,109,18,14,8,149,3
22500,6,5,149,27,12,8,198,0
36000,10,4,68,13,29,23,133,1
19800,23,1,105,4,4,20,133,3
72900,16,1,77,3,12,32,126,1
58500,12,4,142,24,36,7,210,0
49500,15,0,170,60,21,1,254,0
18900,18,4,70,3,5,16,96,2
79200,26,4,13,1,1,25,40,3
28800,25,3,137,21,16,5,181,0
24300,10,5,128,18,14,6,166,3
15501,16,0,57,3,2,50,114,1
10800,1,6,15,1,1,37,54,3
21600,3,0,75,6,7,13,101,2
81000,26,4,16,4,0,35,55,3
65700,2,6,122,29,32,12,196,0
43200,7,5,20,6,6,23,55,3
71100,14,3,63,18,11,31,125,1
46800,14,3,38,15,8,14,77,2
80100,18,2,11,1,0,13,26,2
57600,22,5,101,19,43,9,174,0
36000,24,4,87,23,26,10,148,1
61200,16,3,132,10,17,16,177,0
72900,4,1,97,11,13,33,157,1
83700,9,6,18,2,1,13,35,2
26100,16,2,135,38,48,1,223,0
13500,14,2,18,5,0,35,58,3
58631,19,6,101,15,31,13,162,1
47700,25,6,91,2,0,11,104,2
3600,24,4,10,3,0,12,26,2
18900,8,6,65,0,6,30,101,3
76500,4,4,99,14,14,33,162,1
18900,31,5,110,18,10,11,149,3
51300,12,0,179,56,14,1,251,0
21600,26,3,118,19,21,9,169,0
6300,15,3,6,2,0,25,33,3
34200,8,5,57,13,10,13,95,2
900,14,2,6,2,0,20,28,3
63000,27,2,107,14,38,17,178,0
25200,2,4,129,17,21,5,172,0
61200,17,4,106,11,29,13,160,1
56700,30,1,146,14,11,17,188,0
900,13,3,17,3,0,16,37,2
84600,18,6,8,2,2,20,32,3
20700,13,0,72,5,3,57,137,1
1800,5,3,11,5,0,22,38,3
58500,22,0,60,16,1,7,86,2
68400,17,5,96,11,15,14,136,3
28800,16,1,128,16,22,12,178,0
62100,14,1,124,19,12,14,171,0
39600,26,0,136,25,14,7,184,0
17100,29,3,55,4,7,13,79,2
51300,30,1,40,14,31,19,104,3
51300,26,4,81,16,30,16,145,1
54000,11,5,68,8,29,19,126,1
54000,4,4,22,19,14,16,72,2
5400,26,0,18,2,0,17,38,2
68400,27,0,81,22,18,2,123,3
67500,12,5,68,16,18,34,137,1
24693,19,3,118,12,28,2,162,1
53100,26,4,68,14,32,17,132,1
70200,17,1,62,9,5,7,84,2
43200,17,0,138,32,13,4,189,0
58500,6,4,121,16,33,14,185,0
5400,3,2,13,1,0,13,28,2
21600,6,1,91,29,19,15,154,3
36900,18,4,74,20,28,25,148,1
8100,5,1,10,2,0,10,23,2
54051,17,5,119,20,20,18,178,0
58500,6,4,115,28,38,6,188,0
77400,22,0,31,2,3,3,41,2
9900,14,2,12,2,1,16,32,2
10800,28,2,10,2,2,26,40,3
35100,9,4,46,11,9,17,83,2
48600,24,5,7,11,1,12,31,2
3600,4,2,15,4,0,10,30,2
42300,10,5,35,7,13,34,89,3
80100,11,4,15,4,0,12,32,2
51300,22,4,81,16,33,12,142,1
72900,3,5,74,5,12,33,126,1
58500,13,0,72,8,12,19,111,3
55800,4,2,38,27,12,18,95,2
10800,9,4,11,1,1,35,48,3
14400,29,3,16,0,0,30,46,3
62100,11,3,142,23,28,14,208,0
75600,18,5,70,6,5,12,95,2
29700,7,5,115,39,20,2,176,0
35100,26,4,31,5,27,10,73,3
17100,3,4,81,1,4,13,100,2
77400,6,1,95,7,18,34,154,1
28800,2,4,126,10,26,4,166,1
75600,14,2,102,10,13,13,138,3
36900,6,4,85,15,37,20,158,1
62100,9,3,115,26,34,18,195,0
28800,26,1,147,32,26,3,209,0
72000,9,4,72,25,10,27,134,3
12600,10,5,7,0,0,34,41,3
45900,30,1,37,9,8,20,74,3
76500,24,4,75,18,12,32,139,1
16200,20,3,73,6,4,16,101,2
62100,3,0,56,21,4,1,82,2
73800,26,1,63,16,16,32,129,1
55800,24,5,67,21,7,5,101,2
9900,28,2,11,2,2,37,52,3
24300,20,1,83,8,11,30,133,1
74700,8,4,78,8,16,34,137,1
3600,21,4,17,1,0,13,32,2
73800,7,4,53,8,11,9,84,2
36000,5,3,54,14,34,21,124,1
29700,20,0,60,10,13,41,125,1
18900,26,4,64,27,5,5,101,2
54000,17,5,15,3,20,28,66,3
49500,2,4,94,13,11,16,134,3
73800,10,5,61,4,20,31,117,1
18000,23,1,72,7,1,4,84,2
67500,26,2,60,8,7,10,87,2
33237,21,1,73,9,34,12,129,1
51300,16,3,58,19,27,13,118,1
64800,17,4,111,11,47,5,175,0
27000,24,0,47,7,4,10,70,2
84600,10,5,14,1,0,33,48,3
63900,28,2,141,24,11,19,195,0
64800,13,0,71,8,13,12,104,2
51300,14,5,85,14,32,21,154,1
77400,21,5,99,10,15,32,158,1
28800,23,3,120,22,20,8,171,0
48600,14,4,86,8,26,15,137,1
23400,14,2,112,16,18,12,158,3
65700,22,2,127,26,43,9,205,0
44100,24,5,37,9,2,34,82,3
34200,7,1,75,20,35,12,143,1
49500,21,3,68,29,29,20,146,1
62100,22,1,139,24,32,15,211,0
83700,10,5,15,0,1,11,27,2
36000,6,2,61,11,32,23,128,1
20700,15,0,76,8,1,13,99,2
22500,15,1,119,34,37,3,195,0
58500,27,0,57,13,2,12,84,2
4500,11,6,13,1,2,20,36,3
29700,11,6,125,32,50,0,207,0
55800,30,1,37,13,12,12,76,2
83700,18,4,13,2,0,16,33,2
26100,19,2,143,31,43,0,219,0
51300,3,0,180,49,17,0,246,0
51300,2,4,39,9,6,9,65,2
27305,17,1,102,13,31,1,147,1
79200,12,4,11,2,0,38,51,3
52200,19,4,93,19,34,17,164,1
57600,13,0,77,20,7,0,104,2
41400,9,4,21,7,9,20,57,3
10800,23,0,19,1,1,16,39,2
37800,4,2,77,11,13,6,107,2
33300,8,0,162,52,11,0,228,0
76500,29,4,83,5,6,34,130,1
54900,25,2,36,20,7,11,74,2
18900,15,3,86,5,6,8,107,2
47700,15,3,112,15,40,10,177,0
34200,31,5,62,2,7,22,93,3
34200,6,3,72,17,31,9,131,1
65700,3,0,59,27,5,2,93,2
53100,24,4,69,15,32,16,134,1
19800,2,4,85,27,7,17,136,3
45000,20,0,150,42,20,5,217,0
72000,3,0,44,12,7,8,72,2
62100,21,3,100,12,39,7,158,1
63900,14,2,124,28,32,18,202,0
17100,16,1,94,4,5,2,105,2
33300,12,6,56,7,13,14,90,2
45000,19,4,53,1,13,32,99,3
63900,3,0,81,13,0,14,108,2
37800,2,4,77,23,14,20,134,3
29700,11,5,125,32,48,0,205,0
37800,28,1,48,19,29,26,123,1
51300,26,4,85,16,26,26,153,1
76500,12,2,84,5,12,34,135,1
36900,18,5,61,14,29,27,133,1
68400,7,5,56,5,17,14,92,3
57600,17,5,123,5,31,13,172,0
58500,4,0,52,22,10,0,86,2
69300,11,6,72,1,9,32,114,1
73800,26,2,72,9,12,35,129,1
81000,27,0,11,0,0,31,42,3
80100,24,5,15,2,0,20,37,3
27900,10,5,143,30,17,12,202,0
33300,30,1,78,15,19,14,126,3
3600,18,6,7,2,1,22,32,3
42300,25,6,66,9,7,28,110,3
13500,14,2,14,0,1,30,45,3
36000,28,2,74,15,29,15,133,1
57600,26,3,128,24,40,5,199,0
19800,23,1,86,1,4,11,102,2
29700,17,1,103,16,32,0,153,1
14400,21,3,10,3,0,32,45,3
73800,7,5,54,9,12,10,85,2
52200,4,2,105,20,20,11,156,3
54900,22,3,33,9,33,24,99,3
75600,22,0,27,9,6,2,45,2
46800,15,1,53,8,9,13,85,2
29700,17,1,102,16,34,0,153,1
71100,17,4,64,11,17,33,127,1
36900,10,0,108,17,34,21,181,0
78300,13,0,31,2,1,9,43,2
24300,20,1,81,8,10,32,131,1
75600,22,3,94,3,5,33,135,1
33300,9,4,94,16,33,11,156,1
30600,12,6,124,29,45,0,200,0
35100,20,5,57,11,11,9,89,2
55800,5,0,62,7,9,8,87,2
66600,18,5,101,13,47,9,171,0
54900,12,4,69,14,28,22,134,1
68400,20,0,60,20,2,1,85,2
16200,12,2,74,11,5,9,101,2
36000,10,5,50,14,9,13,87,2
19800,4,2,47,5,1,11,66,2
73800,11,0,62,6,2,6,79,2
38700,21,0,157,55,21,3,237,0
36000,17,3,82,15,29,21,149,1
11700,23,1,15,1,1,14,32,2
59400,5,3,119,33,21,6,181,0
37800,4,4,47,5,11,16,80,2
56700,8,5,103,5,28,13,151,1
54900,13,5,60,12,28,25,127,1
36900,11,5,48,24,35,21,130,1
43200,4,2,52,1,8,29,90,3
35100,15,3,37,5,13,11,66,2
23280,27,0,57,17,6,13,93,2
56700,16,2,121,16,20,18,176,0
63900,9,4,146,13,38,9,206,0
41400,4,2,33,10,6,29,78,3
14400,1,6,88,1,3,17,109,2
24300,11,0,57,6,2,46,113,1
53100,15,1,37,17,3,15,74,2
60300,9,4,124,11,29,6,172,0
72900,16,6,82,14,18,32,146,1
78020,15,0,29,2,2,7,41,2
53100,6,1,46,5,7,16,76,2
60300,30,3,145,29,45,9,229,0
52200,9,5,110,17,24,18,171,0
66600,21,3,116,22,23,7,168,0
28800,12,4,145,31,20,3,200,0
9000,10,3,11,3,0,16,31,2
55800,17,3,64,11,6,8,91,2
26100,19,5,134,37,48,2,223,0
10800,15,3,16,1,0,24,41,3
900,19,1,15,4,0,12,32,2
45900,13,0,128,36,12,9,185,0
76500,26,5,78,13,10,33,135,1
20700,19,1,64,4,6,10,86,2
63000,19,4,123,36,34,5,198,0
77400,12,4,65,5,14,33,118,1
77400,11,4,65,6,14,33,119,1
71100,15,3,60,11,13,32,118,1
34200,28,2,49,10,12,8,79,2
16200,15,5,54,7,5,13,80,2
79200,27,0,13,0,1,40,54,3
51300,10,4,67,14,12,9,103,2
20700,31,5,96,12,7,17,132,3
66600,11,6,144,17,33,7,201,0
39600,8,6,36,9,8,28,81,3
63339,20,0,71,9,9,14,104,2
5400,11,6,7,1,0,40,48,3
29700,8,5,117,34,20,6,179,0
23400,15,3,136,20,47,1,206,0
21600,5,3,146,26,42,4,219,0
18000,22,4,62,3,0,12,78,2
49500,9,4,6,16,26,18,66,3
68400,30,4,62,10,12,33,117,1
56700,9,4,119,8,34,12,173,0
38722,18,3,50,16,37,24,128,1
64530,8,4,107,14,26,14,162,1
54900,10,5,93,18,36,7,154,1
43200,16,1,35,3,3,33,74,3
36000,18,6,65,4,19,21,109,3
43172,20,3,64,7,7,34,114,1
32400,21,0,54,10,1,13,79,2
36900,20,3,77,15,34,27,154,1
56700,3,0,54,6,1,17,80,2
55800,20,0,68,9,15,15,107,2
77400,1,6,98,9,15,18,140,3
69300,5,3,96,22,20,12,150,3
3600,3,0,10,0,1,37,48,3
24300,18,4,142,23,35,5,206,0
17100,3,4,81,1,4,13,100,2
34200,3,0,143,48,19,5,215,0
63785,24,6,116,10,27,8,162,1
74700,7,5,90,0,11,32,133,1
63000,13,0,87,24,11,2,124,3
52200,5,3,39,7,11,19,76,3
74700,4,2,81,18,16,33,148,1
27900,20,3,150,29,32,1,213,0
61200,12,4,145,24,46,7,223,0
18000,19,4,80,7,3,28,118,3
29700,3,0,31,3,3,26,63,3
8100,18,1,10,3,1,14,29,2
56700,5,1,118,8,26,15,168,0
68400,22,2,67,10,10,9,97,2
51300,1,6,16,21,10,16,63,2
37800,23,0,175,58,26,3,264,0
54000,12,0,65,5,5,16,93,2
65700,8,4,143,6,39,13,202,0
85500,14,2,18,1,1,35,55,3
72900,20,2,60,16,10,8,95,2
53100,22,2,80,15,32,16,144,1
73800,3,4,61,15,13,33,123,1
27900,21,2,84,15,25,14,138,3
36000,22,2,65,10,6,27,108,3
76500,11,6,92,9,15,19,135,3
75600,30,4,97,15,7,31,152,1
33300,6,1,71,13,38,10,134,1
74700,10,3,105,4,14,33,157,1
36900,8,3,57,4,33,22,116,1
0,26,1,13,3,0,12,29,2
65700,19,0,50,17,2,1,72,2
49500,1,5,107,17,32,7,164,1
28800,8,4,103,10,45,4,164,1
65700,10,0,56,25,3,1,87,2
21600,17,4,106,14,38,1,159,1
18900,3,0,62,12,2,12,89,2
30600,26,4,144,39,50,1,234,0
47700,13,5,72,14,35,19,142,1
36000,1,6,97,2,16,7,122,3
65356,24,5,101,22,33,5,163,1
17100,6,1,63,6,3,28,100,3
64800,7,4,144,26,21,16,208,0
16200,27,0,76,0,5,40,121,1
63900,26,2,107,31,31,9,180,0
70200,17,0,26,5,6,10,48,2
75600,17,1,79,11,11,33,136,1
23400,20,3,147,21,26,4,199,0
27900,28,1,83,16,19,24,143,1
68400,9,3,55,16,11,9,94,2
82800,28,1,17,1,0,11,31,2
29700,1,5,132,27,18,9,187,0
66600,10,4,116,20,27,7,171,0
15300,20,0,60,9,2,50,121,1
52200,18,0,160,56,12,4,233,0
32400,17,5,80,7,11,17,115,3
4500,23,1,6,1,1,38,46,3
45493,13,1,68,7,10,35,121,1
29700,10,5,113,38,29,3,185,0
82800,12,4,5,0,0,23,28,3
17930,14,0,76,2,2,48,130,1
23400,13,5,125,28,37,1,193,0
61200,26,4,132,12,45,9,198,0
10800,19,4,12,3,1,13,29,2
37800,28,1,56,24,33,22,136,1
32400,7,4,125,20,27,0,173,0
60300,21,2,128,16,38,5,188,0
16200,8,6,57,10,2,18,87,2
72000,30,4,86,7,5,11,109,2
11700,28,2,19,0,0,17,36,2
17100,10,5,94,27,7,16,144,3
18000,9,4,78,5,6,12,101,2
63000,26,4,111,26,14,15,166,3
39600,30,1,26,6,1,30,63,3
19800,24,5,102,24,3,16,145,3
36000,10,5,68,13,29,24,134,1
70200,26,4,87,9,16,26,138,3
26341,21,0,27,6,5,13,53,2
4500,23,1,11,5,1,31,48,3
70200,2,4,99,0,5,30,134,3
24300,11,4,130,15,15,13,173,0
79200,10,3,15,5,0,15,36,2
27000,21,2,109,16,15,11,151,3
60300,28,3,112,24,39,15,191,0
27000,29,1,147,15,38,2,203,0
0,1,6,13,2,0,30,45,3
37800,25,6,66,14,18,13,111,3
74700,17,5,65,13,10,33,123,1
4500,21,2,12,1,2,27,42,3
34200,31,5,48,8,14,8,78,2
54000,15,3,83,19,28,13,144,1
56700,14,2,124,18,15,18,176,0
15300,26,0,42,11,0,15,70,2
12600,25,6,15,1,1,36,53,3
31500,14,0,59,7,4,12,83,2
46800,7,5,36,5,6,20,67,3
30600,7,4,125,19,24,7,177,0
46408,10,1,71,5,14,32,123,1
51300,16,3,93,7,27,13,141,1
78279,3,0,32,4,5,1,43,2
21600,16,2,93,8,11,27,140,1
63900,26,0,63,6,1,12,84,2
31500,10,5,107,10,49,2,168,0
36900,14,4,76,16,27,19,140,1
30600,19,1,78,10,11,41,142,1
72000,10,4,78,15,13,33,140,1
59485,23,6,108,11,35,6,160,1
59400,15,2,115,23,38,16,194,0
22500,20,2,103,9,30,13,156,1
78300,25,3,102,13,12,33,161,1
77400,13,5,61,0,7,10,80,2
33300,4,2,31,23,13,13,80,2
3600,17,4,16,2,0,14,33,2
54000,24,2,57,21,27,13,120,1
53100,28,3,91,7,34,24,158,1
78300,10,5,53,21,20,10,104,3
23400,11,6,125,34,37,1,197,0
42300,3,0,163,62,12,0,237,0
22500,17,0,38,11,4,10,65,2
47700,20,5,27,14,10,13,65,2
58500,7,5,143,20,35,8,207,0
16200,31,5,57,7,4,11,80,2
61200,7,4,103,14,35,9,162,1
62100,31,5,135,19,13,16,183,0
16200,12,2,74,12,6,7,101,2
73800,16,2,61,19,12,34,127,1
23400,18,6,94,13,21,11,139,3
29700,7,3,126,34,39,2,203,0
19800,6,1,72,1,5,11,89,2
23400,9,0,31,12,3,14,60,2
61200,17,1,130,7,29,14,181,0
72000,15,2,91,10,11,32,145,1
27900,13,0,61,8,7,12,88,2
52200,7,4,79,15,26,29,150,1
37800,6,3,71,10,12,11,105,2
76500,29,3,68,11,11,5,97,2
20700,16,2,131,14,24,13,183,0
2700,12,5,19,0,0,14,33,2
59400,30,4,104,13,39,12,170,0
43755,21,2,68,5,8,33,116,1
54900,20,0,66,29,24,1,120,3
60300,19,3,121,17,39,12,191,0
58500,28,1,146,31,29,11,218,0
41400,6,1,63,5,2,31,101,3
22979,20,0,29,9,5,12,57,2
78300,24,2,72,14,14,33,134,1
71100,19,3,66,11,17,33,129,1
55800,3,0,62,7,9,7,85,2
59400,9,4,133,23,44,5,207,0
31500,13,0,58,7,5,13,83,2
67500,23,1,55,9,5,10,79,2
3600,8,4,16,2,0,14,34,2
59400,14,5,100,32,37,11,180,0
71100,7,5,58,13,11,33,115,1
9000,11,1,17,3,0,13,33,2
59400,9,2,143,19,22,7,193,0
35100,18,3,36,15,37,24,114,1
18900,23,4,79,9,5,12,107,2
59400,14,2,108,20,10,15,153,3
41400,6,1,46,8,6,26,86,3
62100,30,1,117,12,36,15,180,0
63900,11,6,121,35,26,8,190,0
20700,2,4,101,20,18,13,152,3
63000,9,4,128,20,34,17,201,0
31500,25,3,101,21,38,1,162,1
27000,10,4,142,25,32,4,205,0
44100,25,6,61,7,5,26,99,3
74700,7,3,73,4,17,33,128,1
15300,4,3,64,4,6,14,90,2
79200,14,2,19,3,0,16,38,2
75600,7,2,71,8,14,34,129,1
10800,28,2,10,2,1,34,47,3
58500,1,4,113,37,43,7,202,0
55800,4,6,74,13,35,22,146,1
5400,24,5,8,0,1,39,48,3
35100,20,0,134,59,11,3,207,0
28800,7,3,119,11,30,4,165,1
56700,19,4,141,6,33,12,192,0
22500,15,1,77,10,15,34,138,1
3600,4,2,15,4,0,10,30,2
81900,12,5,17,1,0,16,35,2
27000,9,6,127,38,47,1,215,0
49500,24,5,53,19,33,9,114,1
22500,18,3,99,10,32,9,151,1
81000,25,6,6,0,1,24,31,3
63000,27,3,128,17,28,12,186,0
52200,7,4,79,15,26,29,150,1
18000,29,1,91,1,1,14,108,2
35100,8,3,46,10,8,16,82,2
72900,11,6,72,11,5,24,112,3
64800,23,1,137,23,25,10,195,0
31500,15,2,136,13,19,9,179,0
72900,17,5,74,19,14,31,138,1
15300,12,3,57,7,1,15,82,2
71100,20,0,34,1,4,35,74,3
65700,14,2,100,9,10,11,130,3
33553,11,4,59,11,28,14,113,1
81900,21,3,19,2,1,34,56,3
51300,15,3,94,6,26,14,142,1
44100,21,3,23,5,4,27,59,3
52200,29,3,17,18,6,9,52,2
8100,12,2,16,1,0,14,31,2
56700,10,5,150,21,10,14,195,0
54000,14,3,28,18,12,11,71,2
54900,9,3,97,16,37,8,159,1
42300,9,4,42,8,6,35,91,3
23400,22,4,139,15,30,3,190,0
30600,14,2,107,20,32,1,161,1
25200,22,2,149,36,35,1,221,0
84600,24,5,16,3,1,26,46,3
20700,7,1,52,6,4,14,78,2
48600,17,4,10,16,4,15,47,2
32400,20,5,135,19,28,2,187,0
37800,18,1,71,20,30,15,138,1
59400,8,5,142,20,46,7,216,0
71100,25,1,67,17,14,31,130,1
24300,8,0,76,9,10,32,129,1
12600,24,5,6,2,1,31,40,3
85500,22,3,11,2,1,35,49,3
6300,5,3,18,3,0,28,49,3
81900,13,0,15,2,2,37,56,3
18900,22,4,65,20,6,3,96,2
47700,3,0,102,23,8,6,139,3
17100,19,4,92,26,8,7,133,3
61200,21,3,149,22,37,8,216,0
3600,30,1,10,3,1,12,26,2
71100,28,1,66,9,18,32,125,1
80100,3,0,19,3,1,35,58,3
69300,3,3,88,15,13,33,151,1
36900,23,1,78,1,16,30,125,3
83700,18,3,14,4,0,14,33,2
29700,9,4,133,29,15,13,192,0
36000,4,4,51,13,36,12,113,1
34200,25,6,82,7,13,19,121,3
24300,18,6,141,30,24,12,207,0
27000,27,0,34,3,2,47,86,3
21600,12,3,114,19,37,1,172,0
32400,13,4,127,18,22,1,170,0
48600,21,4,86,24,30,12,152,1
23400,28,1,116,19,31,2,169,0
59400,22,1,107,34,40,5,187,0
53100,25,6,97,17,38,20,172,0
33300,13,4,76,16,38,29,160,1
80100,22,2,19,1,1,38,59,3
60300,1,6,134,15,29,8,186,0
18000,28,1,93,1,1,12,108,2
70200,17,1,62,9,5,7,84,2
80100,14,0,11,1,0,13,26,2
83700,5,3,15,0,1,25,41,3
38700,21,3,68,22,25,16,131,3
22500,19,1,89,4,17,31,142,1
34200,24,1,49,10,12,13,86,2
14400,24,5,10,1,0,12,23,2
82800,22,2,14,5,0,37,56,3
45000,23,1,20,8,14,30,72,3
57600,5,2,117,20,37,12,187,0
7200,10,5,7,0,0,26,33,3
21600,9,4,141,30,31,1,203,0
55800,15,1,27,22,11,13,74,2
18900,7,5,85,9,3,11,109,2
27900,9,3,116,21,39,1,178,0
75600,4,1,63,14,12,32,124,1
64605,9,4,110,10,26,15,162,1
22500,21,3,112,13,39,0,164,1
77400,24,5,102,10,15,33,162,1
64800,25,5,141,15,33,10,201,0
71100,11,5,61,9,11,33,115,1
34200,5,3,55,11,20,19,105,3
65700,25,0,51,20,2,2,76,2
13500,30,1,7,0,2,31,40,3
53100,30,4,49,13,11,16,91,2
24300,27,2,129,31,22,0,183,0
50400,27,0,137,44,11,3,196,0
0,11,5,12,2,0,16,31,2
26100,25,3,102,34,42,2,182,0
57600,6,1,137,25,40,6,210,0
32071,17,0,55,9,1,13,79,2
35100,7,3,53,14,32,15,115,1
63000,13,1,125,30,29,8,194,0
72000,27,2,71,10,12,32,127,1
45900,27,0,136,28,20,9,193,0
9900,26,4,12,1,1,39,53,3
58500,4,0,53,22,10,0,86,2
62100,10,3,132,14,13,18,177,0
72365,30,3,103,18,16,32,169,0
900,22,2,14,3,0,23,40,3
72900,26,4,108,1,15,25,149,3
18000,19,4,88,3,6,4,101,2
35100,4,2,38,15,6,6,65,2
30600,13,4,140,29,18,10,198,0
68400,14,1,94,16,19,34,164,1
48600,7,5,101,21,34,17,174,0
18900,5,3,99,6,6,7,118,3
78300,26,4,11,2,2,39,54,3
30600,28,2,135,11,23,5,174,0
22500,7,5,130,27,39,5,201,0
18000,21,2,87,4,5,7,105,2
74700,31,5,82,3,16,24,125,3
83700,25,6,5,0,0,31,36,3
51300,9,4,67,14,12,9,103,2
47700,26,4,45,15,32,24,117,1
77400,16,0,23,2,5,8,39,2
72000,15,2,91,10,11,32,145,1
47700,12,4,45,26,29,10,110,3
3600,9,4,9,1,1,31,42,3
33300,15,4,59,7,11,13,93,2
36900,6,1,70,13,26,10,120,1
81000,20,0,15,2,1,39,57,3
9900,17,5,8,2,0,40,50,3
36900,5,1,77,10,28,14,130,1
81900,15,1,13,4,0,12,31,2
61200,21,4,108,10,29,15,163,1
27000,15,5,141,24,44,4,214,0
3600,4,2,12,2,0,34,48,3
63900,12,5,145,16,40,8,210,0
27000,22,3,144,18,44,3,211,0
22500,13,1,132,10,19,12,174,0
66600,22,3,99,14,5,30,148,3
66600,22,5,94,15,16,29,156,1
27000,8,5,132,38,43,2,217,0
36000,30,1,57,4,36,14,111,3
53100,27,0,134,65,22,0,221,0
56700,8,0,52,10,1,13,77,2
47700,19,5,64,14,34,21,134,1
66600,20,0,84,10,3,15,112,3
67500,17,5,70,17,20,34,141,1
60300,12,2,128,14,23,12,178,0
34162,16,1,80,13,35,18,147,1
76500,27,2,67,9,10,5,93,2
74700,5,3,85,8,13,32,140,1
54000,7,4,119,19,37,10,187,0
48600,6,3,89,30,32,8,159,1
63000,6,4,143,37,28,5,215,0
0,23,4,16,2,0,17,36,2
40500,8,6,32,5,11,27,75,3
12600,16,1,9,1,1,30,41,3
56700,2,4,111,26,19,20,177,0
76500,13,3,74,13,14,32,134,1
6300,8,6,20,1,1,10,32,2
35100,22,2,46,6,8,14,74,2
9000,8,6,19,0,1,13,33,2
55800,22,3,73,8,8,15,105,2
11700,25,1,17,0,0,15,34,2
83700,22,1,12,3,0,12,29,2
76500,30,5,83,5,6,34,130,1
80100,14,2,11,2,2,40,55,3
32400,15,3,113,35,48,3,199,0
34200,1,5,41,8,5,16,71,2
57600,3,0,78,24,19,2,123,3
9000,1,6,7,2,2,30,41,3
14400,7,5,64,0,2,12,78,2
67500,27,5,58,12,12,35,118,1
27900,25,0,51,16,4,10,82,2
40500,1,6,50,6,10,35,101,3
64800,24,5,133,22,29,12,197,0
9000,16,1,7,0,0,34,41,3
63000,8,6,106,22,43,5,176,0
22500,25,6,113,16,50,2,181,0
24300,15,3,117,13,31,3,166,1
36900,4,0,153,60,12,3,229,0
51300,16,4,79,15,29,20,144,1
79200,12,4,18,3,0,15,37,2
24300,28,2,130,31,22,0,183,0
75600,17,3,66,17,11,32,127,1
36900,8,3,57,4,32,22,117,1
38700,18,4,54,18,36,17,126,1
36000,14,3,67,13,30,18,130,1
52200,10,4,85,17,30,24,157,1
33300,15,3,77,11,39,15,143,1
61200,19,0,75,9,2,11,97,2
23400,24,5,137,14,13,13,177,0
29700,25,4,138,15,19,5,178,0
50400,17,5,81,14,28,5,129,1
33300,18,0,157,55,20,1,234,0
29700,20,0,38,7,1,35,81,3
39600,20,0,171,46,15,3,235,0
58500,31,5,139,18,39,17,213,0
78300,5,0,32,4,4,1,43,2
78300,4,2,6,0,2,40,48,3
6300,16,1,18,3,0,16,39,2
38700,18,6,32,2,6,30,70,3
16200,24,1,51,12,0,6,71,2
80100,6,1,13,1,0,11,25,2
62100,11,4,128,10,39,10,189,0
28800,13,3,101,12,45,4,164,1
60300,27,4,101,28,24,14,170,0
37800,21,3,67,20,33,29,149,1
58500,25,3,121,23,28,7,179,0
38700,11,4,83,7,32,17,141,1
28800,11,0,54,13,3,13,84,2
63000,27,4,117,19,14,19,169,0
21600,24,5,114,23,23,9,169,0
51300,17,5,14,24,26,9,73,3
20700,27,0,38,8,2,57,105,3
36000,20,4,87,22,27,13,150,1
15300,14,4,62,21,5,11,100,2
32400,11,0,52,18,3,9,83,2
70200,19,5,61,14,12,32,121,1
45000,21,0,164,64,13,1,244,0
76500,24,4,62,20,10,11,104,2
23400,9,4,88,21,24,13,146,3
20700,15,3,111,6,2,5,124,3
60300,2,5,144,16,32,10,204,0
81000,18,6,14,1,1,25,41,3
52200,28,3,28,17,9,9,65,2
70200,29,3,68,12,12,33,126,1
27900,24,5,101,14,24,0,139,3
79200,22,2,12,5,0,27,44,3
24540,19,3,120,13,27,2,163,1
34200,28,5,45,9,14,8,78,2
49500,9,2,125,24,20,11,181,0
71100,31,5,105,13,12,20,150,3
58500,1,6,118,10,13,16,157,3
13500,19,4,12,0,1,13,26,2
26100,17,3,135,24,23,9,193,0
48600,16,3,18,12,10,7,48,2
65700,6,3,113,25,33,10,182,0
54000,17,3,49,23,27,20,121,1
31500,5,3,103,11,19,5,138,3
54000,4,3,24,19,14,16,75,2
60300,17,1,129,14,21,11,177,0
55800,29,4,86,13,27,11,138,1
27900,7,6,138,21,16,11,188,0
50400,19,3,65,17,29,10,122,1
71100,24,2,58,17,15,34,126,1
22500,8,4,128,28,39,4,200,0
13500,3,0,14,2,0,38,54,3
23400,26,4,84,26,12,11,133,3
26100,11,6,125,32,50,5,212,0
3600,31,5,13,1,2,31,47,3
50400,19,4,46,12,10,9,79,2
67500,28,2,71,4,14,30,119,3
4500,9,4,19,1,1,10,31,2
51300,7,5,71,23,26,7,129,1
38700,14,4,63,10,37,15,127,1
36900,18,4,72,19,29,26,147,1
71100,12,4,56,15,11,33,117,1
26100,24,5,105,10,14,15,144,3
76500,2,4,101,14,14,33,164,1
28800,9,4,101,10,48,5,164,1
53100,11,0,150,49,20,4,224,0
63000,19,2,131,17,27,14,191,0
25200,22,3,129,21,14,8,173,0
47700,16,3,75,7,33,23,140,1
64800,3,4,111,11,29,11,163,1
900,28,2,19,4,0,14,37,2
11700,23,1,7,1,2,23,33,3
50400,17,0,160,46,12,1,221,0
58500,22,3,149,17,11,19,196,0
67500,15,3,71,12,14,32,130,1
25200,24,5,90,14,10,9,123,3
15300,4,2,73,4,4,13,95,2
76500,14,4,88,5,10,34,138,1
9000,20,0,12,1,0,33,46,3
51300,10,5,83,14,32,22,152,1
64800,7,2,109,11,34,8,164,1
36900,20,0,140,34,17,5,196,0
70200,5,0,37,6,6,1,52,2
52200,9,4,60,23,10,20,113,3
3600,14,2,13,1,0,35,49,3
56700,18,5,103,8,29,16,158,1
43200,9,4,64,5,1,34,104,3
57600,30,1,123,13,31,16,183,0
24300,13,0,26,6,2,56,90,3
54900,9,4,97,16,37,7,158,1
1800,14,5,15,1,0,14,32,2
14400,5,3,57,6,1,30,94,3
64712,27,0,62,8,0,17,88,2
54000,16,3,84,15,29,12,141,1
11700,26,2,18,0,0,15,35,2
17100,3,0,65,9,2,53,129,1
26100,16,1,130,16,10,15,171,0
63000,22,1,140,26,23,16,205,0
68400,25,6,93,10,19,26,148,3
16200,16,1,91,8,6,2,107,2
36900,25,0,131,42,23,4,202,0
5400,14,2,18,5,0,26,49,3
31500,25,6,121,16,25,9,171,0
22500,7,4,129,27,38,4,200,0
57836,19,4,108,12,30,8,160,1
61200,22,5,137,36,20,5,199,0
74700,12,4,85,2,11,32,132,1
80100,16,1,12,1,0,11,24,2
20700,14,2,79,7,7,7,102,2
78300,29,3,6,1,2,29,38,3
63900,13,2,140,21,27,5,194,0
64800,26,2,137,15,20,15,188,0
22500,17,1,139,18,28,0,186,0
37394,23,3,48,13,28,29,119,1
24300,28,2,145,13,23,11,193,0
19800,11,3,58,11,3,13,86,2
49500,21,2,16,20,1,14,51,2
47700,25,6,58,13,10,12,93,2
48600,14,3,81,20,30,10,141,1
50400,12,4,66,13,3,26,108,3
18000,10,4,73,1,6,10,92,2
63900,8,3,146,13,37,9,205,0
58500,5,3,150,19,46,7,222,0
21600,17,5,136,30,11,5,182,0
74700,7,5,89,7,10,10,116,3
50400,3,0,109,30,7,9,155,3
5400,3,0,15,2,1,38,56,3
34200,10,5,15,23,30,21,89,3
45900,20,0,101,22,10,10,143,3
63000,10,5,129,20,35,18,202,0
6300,6,6,19,1,1,10,32,2
75600,12,3,67,10,13,32,124,1
23400,22,3,85,16,16,6,123,3
55800,6,1,40,21,12,15,91,2
70200,18,5,94,9,10,33,147,1
28800,8,6,135,35,38,3,211,0
18900,3,0,79,4,3,26,112,3
65700,15,2,135,10,36,14,196,0
21600,10,5,129,22,42,1,194,0
27000,5,3,124,29,41,1,195,0
14400,9,6,67,8,4,14,95,2
31500,9,4,149,18,22,11,202,0
54000,25,5,90,18,30,6,146,1
36900,10,5,32,7,27,12,78,3
60300,20,0,50,26,9,1,86,2
63900,22,2,147,21,37,10,217,0
0,27,0,16,3,0,28,47,3
59400,23,2,126,13,24,19,183,0
30600,25,6,123,17,50,1,191,0
45900,7,5,65,9,15,22,111,3
1800,26,4,10,1,0,17,28,2
42300,3,0,109,31,8,8,156,3
23400,7,5,81,19,22,5,127,3
64734,25,0,65,22,10,0,98,2
62100,15,5,148,21,14,13,198,0
69300,7,5,66,14,10,33,124,1
25200,28,3,132,25,36,1,196,0
71100,5,3,97,22,17,13,149,3
60300,3,2,123,27,24,11,187,0
12600,29,3,19,5,1,35,60,3
25200,20,1,106,18,37,0,163,1
30600,21,2,144,32,24,2,204,0
1800,28,2,13,2,1,38,54,3
56700,7,4,114,25,16,19,176,0
37800,6,1,42,3,27,18,90,3
57600,23,1,104,40,22,9,175,0
38700,12,5,54,15,36,16,122,1
54900,21,4,113,21,17,17,171,0
33300,25,1,69,9,6,10,96,2
24300,6,1,112,22,12,5,151,3
20700,5,3,146,19,25,8,198,0
49500,10,5,57,26,37,13,134,1
17100,12,4,114,23,10,19,166,3
30600,15,3,112,19,27,1,161,1
74700,28,2,101,25,18,8,152,3
63000,6,1,125,21,28,5,181,0
34200,3,0,135,61,28,2,226,0
60300,28,2,149,27,33,16,225,0
20740,13,0,73,5,4,54,138,1
49500,26,2,110,22,34,9,176,0
22500,12,4,114,11,25,7,157,3
79200,8,6,16,4,0,14,35,2
66600,27,2,111,24,34,9,180,0
32400,18,6,120,27,38,4,189,0
9000,2,4,16,2,0,35,53,3
64514,9,4,111,10,26,15,162,1
65700,18,2,110,11,41,5,170,0
22500,20,2,108,11,35,5,161,1
21600,16,4,136,29,11,5,182,0
31500,8,4,139,15,20,12,187,0
29700,16,5,109,28,24,11,174,0
9900,13,0,18,3,1,24,46,3
40500,15,3,33,9,11,21,74,3
72900,3,6,82,9,13,33,139,1
22500,19,3,107,11,36,2,158,1
32400,19,4,49,6,26,16,97,3
79200,11,6,15,2,1,24,42,3
72000,13,1,50,12,14,17,95,2
36000,13,0,127,41,19,3,192,0
4500,5,3,11,0,0,26,37,3
62100,11,2,142,24,28,13,208,0
35100,6,1,72,10,7,20,109,3
84600,18,6,19,0,0,35,54,3
14400,16,1,70,1,0,25,96,3
76500,13,0,25,3,3,8,40,2
32400,7,5,125,30,45,1,203,0
67500,26,4,71,2,17,10,100,3
66600,9,4,119,16,32,7,175,0
52200,21,2,63,5,5,30,103,3
71100,23,3,57,16,13,34,121,1
52200,15,3,39,13,8,11,71,2
57600,28,2,101,37,48,9,195,0
50400,11,5,86,23,30,15,155,1
81900,23,1,12,4,0,11,29,2
19800,30,4,73,11,3,13,101,2
26100,23,1,148,26,34,0,209,0
56700,4,2,55,13,11,10,91,2
73800,20,2,85,6,5,11,108,2
43316,23,3,67,3,8,33,113,1
59400,25,3,108,16,46,6,177,0
9000,14,2,6,0,1,35,42,3
63000,9,5,138,25,18,9,191,0
73800,4,2,62,14,9,13,100,2
78300,27,2,78,15,13,33,141,1
74700,22,4,55,19,7,32,114,1
61200,6,0,66,16,7,3,93,2
54900,16,2,76,21,33,10,142,1
21600,26,3,121,19,20,9,171,0
25200,17,0,59,6,2,13,82,2
38700,25,6,11,25,30,22,88,3
38700,16,1,10,7,5,14,36,2
25200,16,3,111,38,44,3,198,0
51300,15,0,174,64,15,2,256,0
84600,25,6,8,0,1,29,38,3
54000,29,3,53,27,27,17,124,1
70200,10,5,98,10,10,34,153,1
58500,11,3,141,7,37,17,203,0
72000,23,1,60,8,9,27,104,3
75600,6,1,60,20,12,32,124,1
63900,21,1,117,33,44,7,202,0
10800,5,3,15,2,0,15,33,2
78300,31,5,61,9,18,24,112,3
43858,26,2,67,4,7,34,113,1
36000,22,2,72,14,29,17,133,1
18000,9,0,49,14,2,14,81,2
78300,13,3,75,10,13,32,131,1
68400,30,4,56,16,13,33,120,1
72900,14,2,92,5,17,12,126,3
9900,13,1,13,3,0,17,35,2
45000,13,0,159,44,23,2,228,0
80100,11,2,12,1,0,11,25,2
15300,11,6,64,7,7,20,98,3
14400,25,4,78,2,1,14,97,2
36900,8,5,68,5,29,17,121,1
50400,10,3,23,2,6,12,44,2
54900,16,1,74,18,37,11,140,1
46800,11,0,130,48,15,5,199,0
20700,11,2,98,24,6,16,146,2
31500,10,5,139,12,22,13,186,0
20700,18,5,50,4,5,12,73,2
46800,28,1,49,4,7,16,77,2
6300,16,1,19,4,0,17,40,2
43088,7,1,68,0,11,34,114,1
61200,24,4,109,9,28,18,165,1
76500,23,4,59,22,9,12,104,2
17189,3,0,66,8,2,52,129,1
72900,8,6,97,15,17,32,163,1
64800,5,3,142,22,33,6,204,0
37800,12,0,156,55,26,3,241,0
3600,19,4,11,1,1,25,38,3
70200,30,1,104,22,11,13,150,3
77400,14,4,65,3,13,32,115,1
21600,26,4,106,27,45,5,183,0
55800,13,3,74,16,27,6,125,1
32400,13,2,139,15,21,2,178,0
49500,27,1,113,35,26,7,182,0
1800,3,2,11,3,1,16,32,2
78300,15,4,84,14,12,34,145,1
63000,7,1,124,21,29,5,181,0
60300,8,4,139,28,36,14,218,0
67500,14,3,88,14,14,33,151,1
36900,7,5,81,24,39,20,165,1
54000,2,4,13,3,2,14,33,2
63000,8,4,132,20,38,16,207,0
10800,14,2,13,2,0,39,54,3
64800,16,2,139,31,42,8,222,0
46800,4,2,90,15,24,29,158,3
85500,17,1,10,3,0,12,27,2
33300,6,1,64,13,40,12,129,1
4500,11,3,17,2,0,14,35,2
69300,6,3,102,11,13,31,159,1
65408,27,0,66,8,0,15,91,2
61200,3,5,145,19,49,8,223,0
80100,12,1,13,2,0,14,30,2
33300,6,1,59,6,10,17,92,2
45000,2,4,62,5,14,23,104,3
52200,7,5,73,19,34,16,143,1
75600,22,1,70,17,10,34,132,1
54900,27,3,93,23,27,9,153,1
24300,30,3,147,12,22,12,195,0
43200,13,0,144,68,20,0,232,0
51300,10,3,35,18,9,8,72,2
34200,29,3,48,9,12,8,78,2
36900,21,3,81,10,39,29,159,1
12600,27,0,15,4,1,17,37,2
54900,13,0,56,28,6,2,92,2
50400,22,2,20,27,32,12,91,3
33300,16,6,56,7,8,14,86,2
27000,9,4,80,18,23,7,128,3
6300,4,6,18,3,1,11,34,2
7200,16,4,13,5,0,17,35,2
13500,11,6,20,1,1,32,54,3
71100,23,3,83,13,11,33,141,1
58500,13,1,145,13,41,6,207,0
35100,9,5,37,20,36,19,113,1
50400,5,3,120,12,40,13,185,0
57600,22,2,132,12,27,9,180,0
30600,28,2,142,11,19,7,181,0
79200,14,3,19,3,0,16,38,2
61200,2,5,145,20,47,8,222,0
27900,3,2,135,12,27,3,179,0
52200,9,4,78,20,37,12,148,1
32400,12,1,104,32,49,2,188,0
48600,26,5,61,6,5,14,88,2
59400,20,0,90,6,15,17,128,3
60300,19,4,148,25,33,10,217,0
83700,2,4,15,1,2,30,48,3
49500,17,5,42,25,38,18,123,1
72900,27,0,38,0,1,28,67,3
50400,27,0,140,40,8,6,194,0
45000,28,2,65,10,8,22,105,3
76500,8,1,59,12,12,31,115,1
24300,5,1,82,9,19,26,138,1
46800,27,0,132,58,15,4,209,0
14400,12,4,18,5,1,30,54,3
37800,20,0,140,34,6,7,187,0
29700,1,6,134,27,19,8,188,0
33206,21,1,73,9,34,12,129,1
72900,1,6,74,6,12,34,126,1
81000,30,3,15,5,0,16,36,2
58500,15,1,144,12,40,6,203,0
66600,24,5,73,8,10,21,112,3
36000,22,1,18,6,6,6,37,2
18900,17,5,68,10,8,1,87,2
38700,26,4,54,6,0,27,87,3
8100,14,2,15,5,0,15,35,2
63900,11,6,114,23,19,11,167,3
15300,6,1,59,9,4,20,92,3
73800,18,6,50,16,5,32,103,3
54900,8,6,32,28,35,6,101,3
49500,15,3,90,20,22,18,150,3
900,30,1,12,1,0,38,51,3
61200,18,4,106,11,29,13,161,1
48600,15,2,118,27,23,19,188,0
64800,8,4,145,23,18,18,207,0
54000,28,2,45,24,31,11,111,3
47700,31,5,45,13,33,27,118,1
14400,10,4,11,0,0,15,28,2
47700,25,6,71,8,5,11,97,2
22500,19,3,105,11,36,3,156,1
48600,10,5,102,21,34,17,175,0
10800,8,3,16,1,0,13,32,2
81900,24,5,13,5,0,31,49,3
2700,1,3,13,3,0,13,31,2
21600,17,5,127,11,45,3,188,0
59400,9,4,145,13,12,17,188,0
58500,21,3,142,24,39,9,214,0
69300,8,6,103,7,15,15,140,3
83700,1,6,20,1,1,24,46,3
5400,30,1,18,4,0,31,53,3
85500,28,2,16,1,0,15,33,2
23400,8,6,101,12,48,1,162,1
30600,10,3,105,20,35,1,162,1
58288,18,6,101,15,31,13,162,1
72900,8,6,96,15,17,32,161,1
3600,24,5,16,1,0,10,28,2
14400,20,2,13,4,0,16,34,2
42300,22,3,41,7,7,30,85,3
22500,28,4,146,29,46,2,225,0
25200,27,0,84,7,12,30,134,1
49500,12,4,46,6,21,11,84,3
76500,30,1,73,20,18,7,118,3
69300,2,4,63,23,19,34,139,1
25200,17,0,102,20,32,4,160,1
30600,15,5,121,29,45,1,197,0
74700,5,3,99,4,13,34,151,1
39600,19,4,64,9,14,20,107,3
41400,10,5,28,0,5,29,62,3
27900,15,3,87,30,17,8,142,3
68400,20,1,97,16,15,35,164,1
80100,14,2,14,1,1,40,56,3
63000,11,4,138,16,35,16,206,0
52200,17,1,60,13,30,15,119,1
85500,27,2,18,1,0,15,35,2
52200,7,5,79,15,26,30,150,1
30600,8,6,124,11,27,2,164,1
75600,7,3,69,7,14,33,124,1
52200,29,3,25,11,1,11,50,2
35100,7,5,31,10,40,9,90,3
11700,24,5,10,2,1,12,25,2
53100,3,0,134,44,10,10,199,0
49500,18,1,75,10,33,22,142,1
61200,4,2,111,26,45,6,189,0
49500,10,5,55,25,36,11,129,1
27293,26,3,103,26,31,2,163,1
35100,11,6,61,9,18,6,94,3
42300,14,2,24,0,12,34,70,3
36900,19,3,80,9,37,27,155,1
6300,2,4,12,1,1,33,47,3
53100,28,1,61,25,31,11,129,1
25200,1,6,106,29,23,11,169,0
74700,20,0,46,1,0,35,82,3
48600,18,4,20,14,9,9,54,2
24300,27,0,45,7,0,35,87,3
36000,16,2,73,6,9,10,99,2
18000,1,5,60,2,0,11,75,2
74700,4,2,69,3,18,32,124,1
38700,5,3,76,10,31,9,128,1
18000,5,3,78,4,0,11,93,2
76500,6,1,58,15,12,31,116,1
8100,4,2,10,1,0,11,22,2
6300,24,5,6,2,2,24,34,3
60300,30,1,147,21,40,9,217,0
69300,4,2,57,16,13,19,105,3
43200,25,6,36,6,2,35,79,3
73800,27,0,29,2,1,27,59,3
72900,19,4,56,23,10,18,107,2
32400,8,5,77,8,10,9,105,2
27900,26,3,103,20,29,3,157,1
59400,21,3,114,25,21,7,167,3
65700,13,0,51,13,3,3,71,2
41400,19,4,39,7,10,30,86,3
8100,31,5,9,0,2,40,51,3
62100,7,5,128,22,31,7,189,0
33300,6,4,59,17,38,28,144,1
53100,13,0,153,50,23,3,229,0
15300,15,3,61,23,2,16,104,2
77400,30,1,109,25,16,20,170,0
83700,20,0,11,2,0,35,48,3
9000,13,0,17,4,0,13,34,2
35100,21,3,49,8,10,13,81,2
27000,26,3,139,28,17,4,189,0
73800,30,1,91,15,14,28,148,3
69300,4,2,63,11,5,26,105,3
16200,17,5,51,10,3,14,79,2
24300,15,5,126,19,23,6,175,0
28838,20,0,54,17,2,12,87,2
68400,29,3,69,6,12,32,121,1
58500,25,2,145,28,23,7,204,0
65700,19,4,141,20,12,16,189,0
60300,1,4,127,29,20,12,189,0
58500,18,6,100,17,31,15,163,1
24300,10,3,113,12,36,3,166,1
51300,25,4,53,19,12,7,93,2
33300,14,3,60,11,31,14,118,1
7200,19,4,7,0,0,32,39,3
59400,7,5,145,5,20,12,182,0
23400,12,4,120,17,23,1,161,3
66600,8,6,62,13,6,15,96,2
67318,13,0,65,25,1,0,93,2
20700,22,3,131,30,19,5,185,0
52200,14,4,18,9,1,10,39,2
6300,18,6,15,3,0,35,53,3
39600,26,4,21,0,1,25,47,3
2700,6,1,7,2,0,26,35,3
58500,29,3,108,6,37,18,169,0
20700,8,6,107,10,23,5,145,3
24300,21,2,94,24,10,13,141,3
59400,23,1,119,28,36,7,192,0
64241,25,6,110,12,30,7,161,1
7200,20,0,20,4,1,21,46,3
20700,4,2,96,7,6,4,113,3
46800,17,0,134,57,24,4,219,0
65700,11,4,122,13,27,7,170,0
32400,19,3,141,30,32,2,206,0
28800,23,1,124,36,31,0,193,0
24300,14,2,84,25,11,15,135,3
40500,22,3,25,10,12,27,74,3
70200,21,3,108,5,15,22,150,3
76500,17,5,57,13,11,33,115,1
21600,16,3,111,18,37,3,171,0
68400,11,4,105,1,15,34,157,1
62100,17,5,100,21,33,7,161,1
36000,10,5,58,12,7,16,94,2
18000,28,2,64,1,0,27,92,3
43200,17,5,39,0,1,26,66,3
76500,24,5,76,17,11,32,137,1
54900,12,6,88,22,33,7,151,1
38969,4,1,69,11,26,13,119,1
50400,26,3,78,22,34,15,151,1
74700,20,3,80,5,12,33,132,1
15300,14,5,63,16,6,17,104,2
72000,9,3,78,12,18,32,140,1
55800,16,1,30,18,13,17,80,2
27000,23,3,108,32,22,6,169,0
18000,27,3,82,2,4,12,101,2
53100,15,0,151,47,21,5,226,0
25200,16,2,109,17,34,0,161,1
2700,11,5,19,0,0,14,33,2
84600,17,0,16,5,1,11,33,2
71100,10,4,69,7,13,6,97,2
29700,24,4,130,26,36,0,193,0
9900,13,0,9,0,1,36,46,3
57600,16,1,111,32,43,5,191,0
29700,8,1,103,15,34,1,154,1
7200,18,6,15,0,1,37,53,3
68400,15,3,92,23,20,30,165,3
29700,25,2,121,34,37,3,196,0
83700,27,1,14,0,0,13,28,2
25200,18,4,107,10,28,6,152,1
31500,1,6,142,37,46,3,228,0
38700,13,0,178,68,28,4,278,0
27900,15,3,114,24,46,2,186,0
66600,27,2,131,19,29,6,185,0
42300,16,1,44,9,10,24,87,3
27900,25,0,53,4,2,54,114,1
21600,13,5,128,17,43,2,191,0
18900,8,6,85,9,4,11,109,2
57600,27,0,80,22,17,0,119,3
5400,2,4,12,0,0,33,45,3
80100,5,3,8,2,2,35,47,3
31500,26,0,65,7,3,48,124,1
34200,22,3,46,9,10,15,80,2
77400,5,3,102,18,20,31,171,0
58500,12,4,135,37,34,5,211,0
26100,10,2,142,14,28,7,192,0
20700,11,6,97,22,23,12,154,3
16200,17,4,53,11,1,14,80,2
56700,8,5,96,12,31,13,154,1
25200,3,0,73,1,5,41,122,1
28800,26,0,31,14,3,13,63,2
57600,29,3,141,26,29,12,209,0
48600,26,4,80,27,31,10,150,1
19800,10,5,55,9,2,15,82,2
27900,28,4,147,12,31,1,192,0
68400,14,1,95,12,19,34,161,1
49500,16,1,63,22,38,9,133,1
60300,14,5,106,21,26,8,162,1
41400,19,0,149,45,13,6,214,0
65700,11,5,115,24,28,8,177,0
72900,16,1,78,3,12,33,126,1
24300,11,6,105,12,13,9,139,3
81000,5,3,13,1,0,12,28,2
28800,8,6,144,15,15,14,188,0
36900,19,4,74,21,29,26,150,1
75600,18,5,63,8,6,12,90,2
68400,2,3,57,15,12,10,96,2
19800,15,3,91,5,4,1,103,2
76500,7,1,57,14,11,31,115,1
9900,18,6,12,0,1,31,44,3
51300,11,3,87,13,27,11,138,1
70200,8,4,89,7,10,33,141,1
15300,19,2,60,2,4,15,83,2
63900,28,3,104,30,33,13,182,0
70200,23,1,65,11,17,28,121,3
28800,17,5,84,11,10,11,116,3
56700,7,5,105,6,16,18,145,3
52200,12,2,60,14,32,13,121,1
26100,5,3,96,22,23,8,149,3
64800,6,1,144,27,33,7,213,0
15300,5,3,59,8,7,13,88,2
2700,3,6,16,3,1,12,33,2
11700,21,3,10,0,0,32,42,3
39600,3,0,101,42,13,6,162,3
48600,11,6,61,8,21,24,114,3
69300,1,5,78,13,5,34,132,1
70200,7,5,57,22,14,33,127,1
26100,6,1,127,38,48,0,213,0
49500,20,3,67,28,29,19,145,1
12600,3,0,18,4,0,30,52,3
9000,25,6,8,0,0,39,47,3
6300,1,6,15,1,0,27,43,3
62100,14,2,120,37,43,10,210,0
29700,30,1,127,18,20,7,172,0
70200,1,6,95,3,10,32,142,1
32459,10,5,67,12,29,12,121,1
72000,24,5,76,16,10,31,133,1
75600,16,4,57,8,4,12,83,2
50400,19,3,51,13,15,9,89,2
37800,30,1,55,10,30,15,110,3
61200,23,1,109,31,43,5,189,0
50400,4,2,55,16,17,16,104,3
49500,6,1,24,15,26,13,78,3
45000,29,3,66,10,3,29,108,3
55800,4,3,71,20,30,7,129,1
31500,12,4,104,12,36,2,156,1
47700,8,4,70,18,33,15,138,1
71100,2,4,78,13,20,25,136,3
25200,12,0,56,13,2,11,84,2
63686,23,6,116,10,27,9,162,1
72900,20,0,51,4,4,4,65,2
33300,9,4,94,16,33,11,156,1
1800,27,0,10,0,0,30,40,3
54000,20,0,140,70,23,4,237,0
80100,30,1,11,1,1,24,37,3
42300,19,0,146,21,12,5,184,0
77400,24,5,85,6,5,21,117,3
37800,5,1,74,9,13,6,104,2
55800,15,0,61,14,8,10,94,2
23400,13,3,120,37,38,2,199,0
65300,14,5,101,17,38,5,163,1
48600,15,4,11,17,5,16,50,2
26100,7,0,59,20,6,13,99,2
32400,12,4,130,17,32,1,181,0
38700,13,5,53,15,36,17,123,1
59400,19,3,101,37,36,8,183,0
53100,27,2,96,8,32,23,160,1
30600,6,1,128,21,19,13,181,0
59400,4,0,81,5,4,5,96,2
65700,3,0,54,13,5,4,77,2
29700,10,5,134,30,15,14,193,0
74700,17,4,60,16,10,15,102,2
30600,9,4,150,20,43,0,213,0
56700,11,0,50,14,3,9,76,2
75600,22,1,79,13,8,34,135,1
55800,9,3,70,13,27,7,119,1
47700,17,0,153,38,8,3,203,0
22500,30,4,145,26,45,3,222,0
44100,23,1,28,10,11,34,83,3
55800,8,5,73,0,32,29,136,1
46800,27,0,138,34,15,10,197,0
29700,17,4,109,28,25,10,173,0
54900,19,4,67,4,23,14,108,3
37800,5,3,73,11,11,11,107,2
54000,3,0,179,60,12,0,251,0
39600,19,4,43,0,5,33,81,3
66600,1,5,64,1,19,32,118,1
31500,22,3,128,27,13,11,180,0
43200,22,2,57,8,10,22,97,3
79200,9,4,6,0,1,36,43,3
78300,30,1,63,15,11,23,112,3
29700,1,4,131,27,20,8,186,0
14400,28,2,72,6,1,25,104,3
49500,28,2,110,23,34,9,176,0
26100,11,3,141,13,25,7,187,0
900,10,5,49,0,3,3,55,2
72000,27,2,71,10,12,32,127,1
21600,2,4,139,13,21,8,181,0
71100,8,2,77,3,11,13,105,2
23400,16,4,125,27,41,0,194,0
84600,13,1,14,4,1,11,32,2
82800,17,5,11,1,0,37,49,3
13500,11,6,9,1,0,33,43,3
68400,22,2,68,10,10,9,97,2
26100,21,2,125,17,12,8,162,3
36000,8,6,42,25,37,12,116,1
35100,18,4,52,14,9,12,88,2
27000,24,4,138,27,17,5,188,0
59400,18,5,125,20,37,9,192,0
51300,18,2,57,19,27,14,119,1
63900,19,5,130,13,17,16,177,0
16200,20,0,57,1,0,44,102,3
80100,23,1,17,1,1,36,55,3
15992,14,0,63,7,2,56,130,1
59400,25,4,107,9,34,7,159,1
36900,10,5,27,16,36,30,109,3
45000,26,4,20,3,3,27,53,3
56700,16,4,117,18,29,13,179,0
45000,10,5,54,5,12,29,100,3
22500,26,0,75,1,7,32,116,1
31140,3,4,107,13,29,2,154,1
52200,5,0,121,39,13,5,180,0
23400,22,4,134,15,13,13,176,0
30600,8,4,111,17,31,1,160,1
68400,20,0,60,21,2,1,84,2
64800,28,2,131,12,18,18,181,0
2700,30,4,16,0,0,13,31,2
37800,7,2,85,16,27,11,141,1
25200,7,0,83,8,15,28,135,1
57600,24,5,124,26,26,15,191,0
18000,29,3,51,10,3,28,92,3
81000,16,2,12,2,1,17,32,2
42696,18,3,70,1,9,31,113,1
67500,9,4,110,19,14,31,175,0
70200,14,5,96,10,10,33,150,1
47700,26,1,79,3,29,17,130,1
47700,10,4,78,13,35,18,146,1
56700,9,5,114,26,16,19,177,0
5400,2,5,15,0,1,13,29,2
11700,7,5,11,1,0,26,38,3
84600,25,2,15,5,0,12,33,2
54900,9,3,76,7,31,25,140,1
28800,4,3,113,10,20,13,158,1
20700,7,5,120,10,3,16,149,3
24300,28,2,133,23,21,2,180,0
24300,25,4,117,31,46,0,195,0
84600,26,4,15,2,0,15,32,2
30600,8,6,137,28,17,14,196,0
65700,30,4,125,30,41,9,207,0
2700,4,2,18,3,0,19,40,3
56700,18,4,76,19,30,8,134,1
42300,28,2,53,8,6,23,90,3
2700,21,3,16,3,1,23,43,3
74700,7,2,67,16,17,33,133,1
38700,8,0,146,46,18,3,214,0
3600,22,3,19,0,0,16,37,2
10800,14,2,5,0,0,36,41,3
27900,2,5,141,13,14,6,176,0
1800,8,6,16,3,1,11,31,2
26100,14,2,140,16,25,9,192,0
59400,2,3,111,32,34,7,185,0
31500,24,3,122,23,28,1,175,0
35100,28,2,42,9,37,28,116,1
11700,25,6,15,4,0,38,57,3
64800,12,4,111,11,49,5,177,0
55800,26,5,97,12,30,21,162,1
56700,26,4,107,23,13,11,154,3
27000,25,0,40,8,5,10,64,2
59400,19,4,112,20,10,19,161,3
67500,23,1,55,8,5,10,79,2
64800,7,5,144,27,22,16,209,0
44100,18,6,50,8,8,25,91,3
37800,20,0,176,45,22,2,245,0
12600,15,1,15,4,1,16,37,2
45000,14,2,31,4,9,26,70,3
34200,15,1,79,13,34,17,146,1
70200,31,5,95,9,19,7,130,3
67500,20,0,52,7,2,19,80,3
68400,15,2,65,14,14,8,101,2
71100,13,2,73,8,10,12,104,2
13500,28,2,6,2,1,38,47,3
22500,19,2,102,31,24,12,171,0
45900,14,2,36,5,10,23,74,3
7200,12,4,10,1,0,21,32,3
49500,20,0,168,59,24,1,252,0
51300,6,4,75,12,8,14,110,2
14400,22,2,13,3,0,17,34,2
55800,1,5,76,27,38,14,156,1
72900,9,4,91,13,18,13,135,3
58500,24,4,122,26,22,12,184,0
53100,12,4,88,8,8,24,128,3
31500,16,1,114,19,25,5,163,3
52200,11,2,43,16,9,13,83,2
64800,25,6,142,15,34,10,201,0
2700,23,4,15,1,0,14,31,2
37800,7,3,55,9,11,11,87,2
51300,11,5,72,12,32,17,135,1
20700,25,2,133,12,24,7,177,0
79200,6,1,13,2,0,38,53,3
77400,7,3,42,2,4,11,60,2
29700,19,0,54,7,3,55,121,1
8100,14,2,17,1,0,15,34,2
83700,26,4,17,4,1,25,47,3
47700,11,6,96,14,3,22,135,3
62100,27,0,88,5,2,5,100,2
67500,17,4,69,16,19,34,139,1
47700,14,3,77,10,34,21,143,1
81000,15,3,17,4,0,23,44,3
1800,7,4,18,3,1,14,37,2
36900,5,3,88,9,35,20,153,1
0,11,5,12,2,1,16,32,2
75600,8,3,71,8,13,34,127,1
53100,22,1,100,12,27,18,158,1
25200,11,0,72,2,3,43,121,1
26100,2,6,137,17,30,1,187,0
28800,20,2,138,18,23,6,187,0
52200,24,5,28,11,32,14,85,3
40500,23,0,142,41,19,3,207,0
74700,12,4,80,14,20,6,120,3
81900,17,5,15,2,2,20,39,3
16200,21,2,78,6,2,14,102,2
32400,17,5,132,18,32,2,184,0
80100,10,5,10,0,1,24,35,3
33300,18,6,70,14,21,5,110,3
50400,8,3,79,23,31,18,153,1
27900,16,0,82,4,8,35,131,1
27900,31,5,146,14,37,2,199,0
39600,4,2,61,8,7,34,110,3
49500,23,0,163,53,20,1,239,0
16200,24,5,95,15,4,19,133,3
38700,21,1,82,2,39,17,141,1
50400,7,1,72,21,32,16,142,1
82800,12,4,14,2,0,23,39,3
62100,10,5,122,37,23,8,190,0
41400,25,6,49,10,6,27,92,3
55800,2,4,28,15,17,20,80,3
38700,11,6,80,9,26,19,135,1
55800,22,3,72,8,7,14,104,2
54000,23,4,82,14,31,7,136,1
7200,10,5,51,0,9,7,67,2
72900,6,2,58,2,8,16,86,2
74700,10,5,78,6,16,35,135,1
19800,25,3,52,12,5,14,85,2
57600,21,3,138,18,20,8,184,0
70200,15,5,78,4,6,31,121,1
35100,13,1,57,4,5,7,74,2
26100,9,4,150,30,14,15,209,0
76500,26,4,90,11,10,27,138,3
53100,23,1,53,14,4,13,85,2
64800,15,0,59,22,11,0,94,2
16200,13,0,33,11,6,13,63,2
72000,4,6,89,8,16,31,146,1
50400,16,3,72,22,31,15,141,1
18900,15,3,75,1,7,9,92,2
40500,14,2,61,3,6,31,101,3
29700,13,0,80,16,4,15,115,3
62100,14,4,142,22,26,16,207,0
81900,27,0,6,2,2,23,33,3
54000,22,2,63,12,30,11,118,1
48600,14,3,69,16,30,16,134,1
50400,4,2,126,25,32,9,194,0
54900,20,4,82,28,28,8,149,1
24300,20,0,65,15,1,11,92,2
6300,20,2,19,1,0,14,35,2
32400,11,1,60,15,4,9,90,2
85500,4,2,6,1,2,23,32,3
54900,4,2,120,30,28,15,193,0
6300,24,0,13,1,0,16,30,2
14400,6,1,18,3,0,22,43,3
25200,30,4,133,10,43,0,188,0
4500,15,3,17,3,1,17,38,2
27900,19,4,99,14,24,12,149,3
4500,13,0,11,2,2,33,48,3
51300,7,6,56,16,28,16,118,1
72000,8,6,82,13,6,18,119,3
18000,7,3,78,4,3,11,97,2
9900,15,3,10,1,1,12,24,2
57600,9,4,145,25,33,7,212,0
27000,27,3,137,24,20,12,194,0
54900,16,1,8,3,32,22,65,3
7200,3,0,14,1,1,21,37,3
71100,20,0,26,8,3,0,37,2
55800,24,5,65,14,6,9,94,2
69300,16,1,83,1,6,24,114,3
79200,5,3,12,2,0,12,28,2
82800,30,1,12,1,0,36,49,3
77400,6,4,65,0,6,12,83,2
16200,14,2,76,10,7,9,102,2
9000,4,2,22,4,0,15,41,2
65700,7,3,114,27,35,10,188,0
16200,7,5,57,10,3,17,89,2
72000,11,3,85,13,11,33,143,1
50400,13,0,139,49,8,7,205,0
7200,21,3,18,5,0,29,52,3
64800,6,1,116,26,14,18,174,0
9000,27,0,12,0,0,11,23,2
31500,23,2,120,22,23,3,169,0
34200,27,2,48,10,12,7,78,2
16200,11,6,109,25,3,8,145,3
70200,3,0,36,6,7,2,51,2
85500,14,2,6,0,1,22,29,3
21600,19,3,115,20,27,8,170,0
1800,12,0,19,3,0,15,38,2
76451,30,1,108,23,16,22,170,0
16200,29,3,44,6,4,12,67,2
32400,6,3,131,15,32,0,179,0
6300,11,6,13,2,2,30,47,3
61200,23,5,121,36,29,7,195,0
84600,20,4,15,3,0,16,35,2
4500,22,3,14,0,0,34,48,3
56700,26,4,122,27,20,15,185,0
30724,15,5,106,12,30,4,154,1
35100,24,5,58,14,5,5,82,2
73800,5,5,60,10,16,32,119,1
42300,19,4,68,5,5,24,102,3
69300,16,2,52,17,5,15,90,2
22500,15,0,73,10,11,41,137,1
61200,11,4,122,35,40,6,203,0
47700,28,5,6,22,11,13,53,2
17451,12,0,66,5,1,52,125,1
63900,16,1,144,13,12,20,189,0
15300,2,3,72,5,4,13,95,2
72000,26,3,74,12,11,31,130,1
34200,13,0,136,46,19,5,208,0
63900,23,1,111,33,28,5,177,0
15300,4,2,59,8,7,17,91,2
18900,4,2,90,24,8,20,142,3
15300,25,6,51,7,3,22,83,3
58626,23,1,112,19,26,5,163,1
2700,30,1,15,0,1,28,44,3
79200,27,0,20,4,0,39,63,3
63900,21,5,114,12,27,8,162,1
5400,25,2,13,2,0,18,34,2
60300,21,2,145,28,33,16,222,0
28800,15,3,135,18,22,8,185,0
50400,19,4,67,18,29,10,125,1
40500,6,1,24,8,3,20,55,3
69300,24,0,34,5,0,5,45,2
58500,7,5,121,17,35,14,187,0
27000,6,1,113,32,44,1,190,0
85500,3,0,19,1,1,37,58,3
56700,19,3,120,22,17,18,179,0
24300,31,5,131,28,24,0,183,0
65700,15,3,116,25,39,10,191,0
77400,13,4,65,5,13,33,117,1
65700,4,2,113,27,35,10,185,0
56700,15,3,122,18,18,19,177,0
73800,4,2,106,12,16,9,143,3
60300,6,4,132,24,26,10,194,0
54900,12,1,77,14,35,14,141,1
18000,13,4,57,7,4,17,88,2
52200,29,3,26,18,9,9,63,2
52200,8,4,82,16,27,27,153,1
65091,19,5,100,16,37,6,161,1
18900,30,4,62,7,4,17,91,2
27900,8,5,124,21,18,6,170,0
7200,6,1,14,5,0,17,36,2
5400,3,0,7,2,2,40,51,3
46746,23,4,59,10,28,18,116,1
70200,7,5,50,9,11,22,92,3
62100,17,5,142,22,25,18,207,0
33300,15,1,70,15,38,21,145,1
20700,5,1,54,9,3,13,81,2
13500,10,5,10,1,2,38,51,3
72900,7,5,90,20,20,10,140,3
40500,14,2,59,7,13,21,100,3
73800,22,2,87,19,15,34,157,1
50400,29,3,63,16,3,13,95,2
79200,19,1,18,1,0,10,30,2
17100,22,1,77,6,5,15,104,2
48600,21,5,85,17,29,13,146,1
40500,13,0,119,22,6,8,155,3
63044,20,0,65,11,7,15,101,2
33300,7,4,32,10,12,6,62,2
53100,10,5,29,26,5,6,66,2
79200,12,4,17,3,0,29,49,3
66600,10,3,143,18,38,5,206,0
63095,18,6,115,10,27,12,165,1
30600,14,3,113,17,27,1,160,1
37800,17,5,77,10,5,18,110,2
47700,6,3,67,14,29,12,123,1
64800,1,6,121,15,19,20,175,0
78300,2,4,74,5,19,5,103,3
36900,16,0,136,38,18,5,198,0
64800,13,4,106,13,33,8,162,1
62100,13,3,134,14,14,18,181,0
32306,22,0,56,9,4,8,78,2
64800,16,4,101,29,23,17,172,0
35100,12,4,38,20,35,19,114,1
28800,24,5,137,40,21,5,203,0
56700,19,4,84,17,30,14,147,1
34200,23,2,46,9,10,13,79,2
35100,11,6,51,16,16,13,96,3
69300,20,0,36,8,3,9,56,2
78300,14,2,70,10,14,32,126,1
53100,18,5,73,26,33,10,144,1
56700,3,4,111,26,19,20,177,0
63900,18,6,132,12,19,15,178,0
44100,10,5,57,8,12,29,106,3
62100,19,3,103,16,29,13,162,1
18000,24,1,90,1,2,13,107,2
52200,11,3,85,20,36,14,156,1
72000,1,6,89,12,14,31,146,1
76500,10,4,90,5,11,34,140,1
38700,9,6,70,11,33,16,132,1
1800,21,2,14,3,0,12,31,2
76127,25,3,104,20,18,26,168,0
48600,24,0,137,45,21,3,208,0
71100,31,5,107,6,12,32,157,1
56700,2,4,111,27,20,20,178,0
53100,18,5,72,9,28,16,127,1
84600,25,2,16,5,0,11,33,2
64800,17,5,101,30,23,18,172,0
40500,30,1,50,1,13,29,93,3
35100,10,4,32,21,37,20,113,1
27000,25,6,87,15,25,14,141,3
78300,7,5,102,5,19,11,137,3
61200,19,4,142,28,34,20,224,0
77400,21,2,55,8,18,24,105,3
69300,4,4,86,14,14,32,147,1
25200,20,4,145,16,33,1,196,0
57600,12,3,112,9,38,11,171,0
63900,31,5,102,29,36,18,185,0
37800,15,4,56,9,8,8,82,2
69300,8,5,84,13,9,34,142,1
28800,17,1,130,16,22,10,180,0
82800,21,5,17,3,0,11,32,2
47700,19,1,118,17,28,9,174,0
47700,29,5,24,19,9,12,65,2
0,29,3,14,1,1,35,51,3
23400,5,1,116,30,36,3,186,0
74700,10,3,55,12,19,32,119,1
29700,7,5,120,26,17,7,172,0
13500,8,6,10,5,0,39,54,3
3600,11,6,20,1,1,30,52,3
49500,5,3,120,21,22,14,177,0
30600,19,0,68,9,4,54,137,1
30729,16,2,100,24,36,1,162,1
45000,15,3,32,0,8,25,65,3
63900,6,3,103,23,27,8,162,1
75600,23,1,73,18,10,35,136,1
57600,29,3,142,25,28,12,209,0
66147,4,4,102,19,36,6,165,1
17784,27,0,64,2,1,52,120,1
43585,15,1,67,2,9,35,114,1
50400,12,2,71,21,31,16,141,1
81900,17,0,13,5,0,11,30,2
4500,30,1,11,4,0,38,53,3
79200,26,4,17,5,1,16,39,2
78300,22,3,86,15,13,34,150,1
53100,22,2,89,13,30,17,150,1
38700,17,5,17,5,6,20,48,3
69300,9,4,108,24,19,10,161,3
14400,14,5,83,7,0,14,106,2
67500,22,3,57,6,11,15,90,2
60300,7,5,139,25,45,10,219,0
35100,22,0,140,51,15,3,210,0
58500,23,2,108,28,37,9,183,0
54000,10,0,63,8,6,16,95,2
49500,7,5,98,29,34,12,173,0
11700,27,0,11,0,0,15,26,2
1800,20,0,16,2,0,15,33,2
53100,22,3,91,9,35,23,159,1
42829,16,3,64,7,7,34,114,1
13500,19,2,16,2,0,16,36,2
28800,1,6,112,22,17,15,166,3
26100,20,2,150,14,32,4,201,0
27900,22,3,119,17,15,12,163,3
27000,17,5,130,10,37,1,178,0
62100,26,0,67,28,13,0,110,2
29700,29,3,109,30,37,1,178,0
12600,20,0,16,0,1,37,54,3
67500,16,1,109,23,19,34,186,0
11700,25,2,18,0,0,15,34,2
47700,25,5,23,21,9,14,69,2
26100,1,6,136,20,32,1,189,0
12600,8,6,9,1,0,34,44,3
18900,23,5,79,9,4,13,107,2
27000,8,1,115,26,44,1,188,0
56700,19,1,57,13,8,10,90,2
12600,26,4,19,1,0,20,40,3
14400,19,3,17,2,0,16,35,2
63000,9,4,137,28,20,7,193,0
16200,2,4,107,0,1,2,110,2
74700,20,0,47,9,4,2,64,2
18900,2,4,111,22,0,12,145,3
27900,25,0,58,5,7,47,118,1
25200,21,2,148,35,35,1,220,0
9900,18,3,14,3,0,14,33,2
77400,11,4,82,11,15,32,141,1
57600,4,2,107,28,45,8,188,0
3600,6,1,11,1,1,40,53,3
74700,10,4,72,7,16,34,131,1
36000,14,3,76,15,26,15,133,1
19800,3,4,74,5,4,13,98,2
80100,11,6,12,2,2,22,38,3
82800,17,3,18,2,0,12,33,2
71100,7,0,32,9,0,2,44,2
69300,7,5,99,6,9,31,147,1
5400,4,2,15,0,0,15,30,2
78300,25,3,100,14,12,34,162,1
25211,3,0,27,10,1,12,51,2
49500,4,2,34,17,19,20,90,3
63000,26,5,138,25,27,7,198,0
75600,9,4,75,19,10,32,137,1
69300,8,6,63,0,10,18,91,2
74700,9,2,101,15,16,32,165,1
35100,12,4,33,19,37,22,113,1
81900,16,1,13,5,1,12,31,2
53100,20,0,136,63,13,2,215,0
69300,1,6,75,14,5,35,129,1
36900,7,5,83,7,28,13,132,1
57600,25,4,135,20,28,15,199,0
57600,7,2,139,24,40,5,209,0
73800,14,0,32,6,2,6,48,2
3600,17,5,13,1,2,29,45,3
68400,15,1,97,7,19,33,158,1
45000,12,0,145,47,17,4,216,0
12600,31,5,10,1,0,39,50,3
51300,19,4,42,20,18,22,102,3
60300,3,4,126,14,25,8,174,0
27000,22,3,115,17,19,13,164,3
19800,15,3,93,5,4,1,103,2
27000,31,5,108,35,22,3,168,0
26100,12,4,81,30,16,5,132,3
70200,15,3,100,19,5,22,146,3
25200,19,3,138,13,21,5,177,0
71100,23,1,52,1,14,35,102,3
36900,21,5,55,5,10,8,80,2
16200,7,4,60,11,7,15,95,2
21600,22,3,101,38,28,4,173,0
17100,24,2,58,19,5,11,96,2
17100,2,4,83,0,4,13,100,2
54000,8,3,53,20,7,12,93,2
17100,12,0,62,6,6,10,85,2
28800,16,4,142,38,34,1,217,0
64800,23,4,129,14,33,12,189,0
64800,7,4,123,22,15,16,177,0
36900,19,2,51,5,14,12,84,2
61692,16,3,101,15,33,7,158,1
64800,21,3,112,34,39,9,194,0
64952,24,5,100,17,36,6,161,1
27297,20,1,102,16,30,2,152,1
67500,9,4,86,11,12,14,123,3
29700,27,0,44,9,5,56,114,1
22500,30,4,125,24,22,4,177,0
18000,6,3,78,4,2,11,96,2
21600,10,3,121,37,49,4,213,0
46800,17,5,70,2,16,14,102,3
53100,2,4,99,6,10,23,138,3
63900,16,3,109,24,35,12,182,0
73800,26,1,60,17,15,33,126,1
900,22,3,8,1,1,27,37,3
34200,13,4,54,12,11,14,92,2
78300,19,2,79,14,14,33,141,1
10800,20,0,12,3,0,40,55,3
56700,14,2,129,18,12,17,176,0
56700,28,2,144,21,10,19,194,0
64800,7,4,145,24,19,17,207,0
54000,5,6,17,6,2,13,40,2
81000,25,6,18,2,1,34,55,3
900,18,6,12,1,0,40,53,3
72000,19,4,59,7,14,28,108,3
71100,28,2,53,22,14,35,124,1
900,4,2,16,4,0,14,35,2
9900,19,4,9,2,2,40,53,3
49500,19,3,67,28,30,19,145,1
9000,20,0,18,5,1,23,47,3
29700,24,5,131,26,36,0,193,0
36900,14,6,50,17,33,24,126,1
60300,23,1,110,18,19,14,161,3
25200,20,4,145,15,33,1,196,0
31500,20,0,66,8,0,12,86,2
60300,27,4,101,22,28,18,169,0
36900,24,5,55,6,10,8,80,2
54000,23,4,79,13,31,8,133,1
30600,20,5,132,16,11,13,172,0
22500,2,4,132,38,37,0,208,0
3600,21,2,20,0,1,17,38,2
16200,15,3,72,26,6,4,108,2
36900,20,2,51,5,15,10,82,2
60300,23,1,129,10,39,6,184,0
49500,8,4,99,30,32,11,174,0
60300,5,2,130,29,32,11,205,0
18900,1,6,52,7,0,13,72,2
65700,13,4,124,30,47,8,211,0
81000,26,4,5,1,1,33,40,3
36000,25,4,84,13,26,23,148,1
63000,6,1,121,25,33,13,192,0
76500,22,3,68,1,13,32,114,1
65700,14,2,114,23,42,10,189,0
27000,18,6,141,24,47,4,216,0
17100,28,3,54,4,7,13,80,2
15300,10,5,67,11,10,16,104,2
55800,14,2,19,14,24,6,63,3
61295,8,4,102,12,37,9,162,1
67500,15,4,66,12,18,34,131,1
9900,24,5,5,2,0,39,46,3
17100,20,0,64,10,5,26,105,3
36900,21,2,52,5,15,12,84,2
51300,20,3,55,10,31,18,116,1
52200,20,0,125,33,12,10,180,0
48600,24,5,108,21,37,14,180,0
65700,27,0,69,8,0,15,92,2
59858,24,5,105,13,31,5,156,1
27000,12,2,110,27,23,10,171,0
36900,10,0,140,44,15,6,206,0
53100,31,5,50,13,12,17,92,2
38700,11,6,55,15,36,15,121,1
83700,27,0,16,2,0,12,31,2
6300,8,6,9,0,1,27,37,3
72000,11,4,79,16,12,33,142,1
16200,18,2,87,5,1,10,104,2
16319,11,0,64,7,2,58,132,1
70200,20,1,63,7,5,11,88,2
45900,31,5,42,9,5,25,81,3
61200,25,6,125,17,10,16,168,0
52200,4,5,91,21,34,10,158,1
67500,17,4,68,14,19,34,137,1
84600,27,4,14,5,0,12,32,2
27000,26,4,139,28,17,5,189,0
30600,14,3,113,17,27,1,160,1
34200,26,0,102,41,17,8,169,0
59400,26,4,115,26,33,19,193,0
29700,13,0,65,6,3,55,129,1
27000,3,0,62,7,2,35,106,3
26100,3,0,65,11,9,41,128,1
33300,10,5,77,16,39,29,161,1
76500,12,0,38,4,3,7,54,2
66364,3,4,101,20,34,7,165,1
26321,9,4,108,16,31,3,160,1
2700,17,5,20,3,1,29,53,3
57600,22,3,127,20,26,11,186,0
14400,10,5,111,28,20,3,162,3
84600,29,3,11,5,1,19,36,3
64800,21,4,102,14,38,7,161,1
55800,4,5,80,24,35,15,156,1
63900,12,4,120,22,32,17,191,0
76500,6,1,96,21,11,24,152,3
77400,14,1,56,19,11,13,99,2
68400,14,1,93,16,18,34,163,1
36000,26,0,146,43,10,6,206,0
31500,18,5,141,15,31,4,191,0
63900,6,1,109,37,44,9,199,0
62100,15,1,124,19,13,14,171,0
45526,10,1,69,5,7,35,117,1
30600,13,0,81,6,5,31,124,1
28800,27,0,31,14,3,14,62,2
21600,28,4,129,27,37,1,196,0
900,12,5,45,0,2,4,53,2
26100,23,4,104,33,38,3,180,0
24300,6,1,122,30,37,2,191,0
18900,23,1,86,18,6,1,111,2
53100,18,5,74,25,33,10,144,1
36000,3,0,100,26,14,6,146,3
53100,17,5,47,14,29,6,96,3
22500,28,2,146,23,32,2,204,0
31500,15,3,114,34,34,0,184,0
68400,16,2,65,13,13,8,101,2
77400,3,0,21,4,5,31,61,3
65700,12,2,113,23,41,10,188,0
51300,13,4,92,8,28,18,148,1
15300,24,5,73,12,5,5,95,2
69300,23,1,53,15,13,23,104,3
85500,8,6,6,2,0,23,31,3
62100,12,4,101,20,31,5,159,1
32224,18,0,54,10,0,13,78,2
22500,14,0,65,10,6,48,131,1
38700,5,2,71,12,32,5,122,1
12600,11,6,15,1,0,35,51,3
56700,28,5,96,13,30,16,158,1
66600,22,5,145,24,41,6,217,0
81000,8,6,15,0,2,40,57,3
36000,13,3,68,13,29,20,131,1
35100,7,5,60,10,8,11,89,2
26100,20,0,84,9,8,42,145,1
7200,26,4,18,2,0,37,57,3
55800,21,4,86,16,28,14,145,1
6300,20,0,7,0,2,37,46,3
18000,4,3,78,3,0,10,93,2
22500,30,1,115,22,23,13,173,0
57600,8,4,104,35,48,6,194,0
50400,24,4,73,22,30,14,140,1
85500,10,5,8,1,2,31,42,3
77400,18,4,60,0,13,11,85,2
48600,9,4,95,28,22,9,154,3
18000,22,1,71,6,1,4,84,2
24300,12,4,149,15,10,15,189,0
7200,9,1,16,3,0,11,31,2
53100,10,5,90,9,3,14,116,3
50400,22,1,38,14,7,15,76,2
21373,5,0,72,4,0,43,121,1
27900,15,0,58,8,6,12,85,2
52200,18,5,112,21,32,6,172,0
27900,3,4,129,15,22,2,170,0
69300,14,2,51,20,7,25,103,3
53100,29,1,62,28,31,11,133,1
48600,6,4,95,16,28,14,153,1
42894,9,2,68,0,11,33,114,1
59400,9,4,107,14,44,5,170,0
18900,2,2,59,11,0,12,83,2
14852,20,0,67,4,1,51,124,1
82800,11,3,16,1,0,14,32,2
21600,16,4,135,29,11,5,181,0
12600,14,2,5,1,2,22,30,3
50400,11,6,43,13,30,20,106,3
9900,5,3,17,3,0,11,32,2
7200,24,5,19,2,1,33,55,3
11700,18,5,12,1,0,11,26,2
25200,26,4,146,17,34,0,197,0
22500,24,1,82,3,14,25,125,1
62885,17,5,113,12,27,12,165,1
64975,24,5,100,18,36,6,161,1
20700,19,4,128,14,20,6,169,0
45900,19,4,46,8,3,22,79,3
22500,24,2,131,18,30,2,181,0
21600,16,1,134,15,42,5,196,0
37800,13,0,117,50,20,10,197,0
52200,28,2,38,7,1,13,59,2
39600,18,6,38,10,3,32,83,3
52200,30,1,61,7,25,21,114,3
33300,5,0,144,39,17,7,208,0
33300,16,1,69,9,17,5,100,3
30600,23,1,110,21,23,5,159,3
64800,21,5,138,25,39,9,212,0
48600,30,1,63,12,22,5,102,3
52200,12,0,127,39,13,6,187,0
64851,16,1,105,11,40,6,165,1
80100,28,2,16,0,0,36,52,3
71100,23,4,94,6,11,34,147,1
9900,2,4,17,3,1,36,57,3
36900,9,5,78,11,26,12,129,1
5400,27,0,20,2,0,17,39,2
26100,2,4,144,10,35,0,190,0
74700,2,3,98,17,16,33,164,1
47700,5,2,59,19,28,11,119,1
36900,11,5,50,24,35,21,131,1
77400,17,4,70,9,12,33,126,1
85500,21,3,10,2,1,15,28,2
15300,1,5,70,7,5,13,96,2
2700,7,5,16,2,0,14,34,2
36000,15,3,72,14,30,19,136,1
11700,31,5,10,2,2,34,48,3
78300,12,4,86,11,12,34,145,1
65700,1,5,143,20,22,6,193,0
69300,10,2,47,3,5,14,70,2
72900,22,1,56,11,13,7,88,2
18000,10,5,94,20,8,7,129,3
42300,13,0,146,24,13,6,189,0
64044,7,4,115,10,27,10,164,1
3600,7,5,6,1,1,34,42,3
18900,15,3,86,5,6,8,107,2
54900,4,2,87,3,30,23,145,1
35100,6,0,140,22,10,6,179,0
14400,19,5,76,2,2,16,96,2
80100,18,6,15,1,1,29,46,3
72900,17,3,75,12,13,31,132,1
68400,14,1,96,11,19,34,161,1
63000,21,2,120,5,34,18,177,0
78300,21,3,82,16,14,34,146,1
70200,18,6,84,10,16,20,130,3
72900,17,5,74,19,14,31,138,1
48600,23,4,7,11,1,11,31,2
33300,20,4,56,7,12,12,88,2
2700,28,2,9,1,0,29,39,3
72000,13,0,47,7,3,6,63,2
34200,10,4,69,9,26,9,113,1
60300,12,4,111,12,41,10,176,0
71100,13,2,73,8,10,11,103,2
76500,16,2,82,6,11,34,134,1
12600,22,3,8,1,2,38,49,3
9900,25,6,11,1,2,37,51,3
84600,9,4,5,2,2,37,46,3
28800,5,3,101,37,32,0,170,0
29700,2,4,136,22,31,0,189,0
69300,13,0,42,1,5,11,59,2
15300,5,3,93,4,1,16,114,3
20700,30,1,82,22,10,9,123,3
52200,6,1,50,21,11,15,99,2
58500,6,1,110,12,47,6,176,0
56700,14,5,104,7,29,15,156,1
2700,24,5,6,0,0,21,27,3
77400,6,2,39,3,3,11,58,2
24300,14,2,126,36,24,0,186,0
33300,6,0,142,40,18,6,207,0
50400,22,3,56,18,22,21,117,3
14400,16,4,82,8,0,14,105,2
36000,14,2,36,5,15,19,75,3
66600,15,3,77,1,10,25,113,3
30600,30,1,125,24,17,8,174,0
58500,4,4,119,22,25,15,183,0
38700,14,5,52,15,36,19,124,1
67500,27,1,68,6,9,9,93,2
20700,30,1,106,9,3,10,128,3
70200,24,5,62,10,12,32,117,1
32400,26,3,77,6,28,14,127,1
21600,12,5,119,13,29,1,163,1
57600,8,6,142,16,18,10,186,0
68400,17,4,58,6,17,33,116,1
54900,17,4,80,25,29,10,146,1
60573,8,5,105,20,26,8,161,1
74700,16,4,76,7,15,35,133,1
12600,9,4,8,0,0,20,28,3
57173,23,0,57,8,6,10,81,2
83700,15,3,9,2,1,23,35,3
24300,29,3,135,19,22,2,179,0
31500,17,2,136,36,34,1,208,0
23400,23,1,112,40,42,3,197,0
48600,13,0,173,62,19,2,258,0
47700,14,0,156,43,11,2,214,0
63000,29,1,141,6,28,14,191,0
51300,7,3,40,8,5,11,65,2
43200,20,0,179,44,23,1,247,0
73800,30,4,90,6,7,35,139,1
61200,10,5,150,21,37,19,227,0
66600,25,3,127,32,34,8,203,0
62100,25,4,113,23,24,14,176,0
72000,6,6,88,16,13,31,149,1
62013,9,4,102,20,30,5,158,1
79200,4,2,10,1,1,12,24,2
53100,26,4,59,14,33,12,118,1
18900,14,4,66,28,5,8,107,2
17100,24,5,81,19,3,13,116,3
27000,13,5,141,24,42,4,212,0
30600,7,1,127,21,19,12,180,0
5400,26,2,14,2,0,18,34,2
47700,12,4,26,16,31,26,99,3
25200,17,4,112,11,32,1,157,1
47700,21,1,122,18,22,9,172,0
37800,15,1,60,8,7,17,93,2
79200,25,6,13,5,0,18,36,2
36000,11,4,71,14,29,22,138,1
49500,15,1,68,22,37,7,136,1
40500,5,0,176,47,18,2,244,0
900,17,5,8,1,1,21,31,3
30600,12,3,93,10,20,16,140,1
20700,22,1,70,7,5,7,91,2
33596,11,4,60,11,28,13,113,1
26100,16,5,117,30,25,4,178,0
48600,12,4,14,21,7,18,60,2
74700,27,3,69,11,11,34,127,1
22500,4,2,103,14,14,10,141,3
18900,22,2,87,23,5,0,115,3
57600,6,1,139,25,39,5,210,0
52200,2,5,86,21,34,8,151,1
23400,14,2,117,29,49,2,197,0
51300,18,4,64,16,13,8,102,2
43513,23,2,68,3,7,33,113,1
16200,8,4,93,7,1,8,110,2
38700,6,2,69,12,33,8,123,1
20700,21,2,68,9,6,10,95,2
52200,10,0,169,52,14,1,238,0
61200,1,6,146,18,49,9,222,0
18000,31,5,66,1,6,19,92,3
78300,17,2,75,12,14,32,135,1
52200,13,4,75,17,36,12,141,1
27900,8,4,121,24,31,2,179,0
53100,8,0,147,47,24,3,222,0
71100,21,3,75,8,16,25,124,3
74700,24,5,56,20,6,32,114,1
69300,10,5,59,5,8,17,90,2
51300,1,5,16,20,10,15,62,2
36000,5,3,55,5,23,16,99,3
16200,19,4,117,5,10,15,147,3
58220,13,5,104,14,31,13,163,1
62100,24,5,119,29,25,11,184,0
16200,11,6,85,8,5,14,112,3
34200,8,0,132,56,20,0,210,0
52200,14,2,28,17,31,10,86,3
34200,12,4,75,9,15,19,118,3
84600,5,0,17,4,0,11,34,2
65700,8,3,132,23,45,11,212,0
72000,10,4,79,16,12,33,141,1
71100,18,2,42,5,3,6,58,2
72000,25,6,105,17,17,12,151,3
27000,21,3,134,24,21,2,181,0
19800,12,4,72,3,5,10,90,2
54000,5,3,55,19,11,15,101,2
22500,6,3,133,28,30,1,194,0
12600,26,0,14,3,1,16,36,2
64800,23,2,125,7,31,17,181,0
5400,20,0,18,4,0,18,40,2
63000,1,6,140,20,27,13,200,0
15300,4,0,34,9,0,12,57,2
3600,6,1,5,0,2,23,30,3
74700,11,3,64,9,14,32,119,1
74700,5,3,86,7,13,32,139,1
65700,25,1,136,17,40,14,208,0
30600,15,3,105,23,31,2,163,1
44100,26,4,70,10,3,30,113,3
34200,19,0,168,61,17,1,249,0
53100,6,1,84,12,15,15,126,3
42300,26,0,159,49,11,1,220,0
59400,15,3,131,14,43,7,195,0
38700,6,4,79,10,31,11,132,1
75600,15,3,96,9,18,25,148,3
36000,15,5,58,10,7,16,92,2
47700,21,2,81,6,32,18,139,1
52200,25,6,6,9,14,29,58,3
58500,7,5,118,15,26,10,171,0
76500,23,4,74,18,13,32,138,1
75600,3,0,44,2,6,5,57,2
30600,27,3,135,25,35,4,201,0
56700,14,1,128,17,13,16,175,0
60300,6,5,134,22,28,9,194,0
35100,31,5,42,12,6,17,77,2
59400,26,4,107,9,33,8,158,1
37800,31,5,76,15,14,20,125,3
60300,22,0,55,20,5,3,85,2
61200,29,3,133,24,29,8,196,0
17922,19,0,72,6,0,53,132,1
64800,23,1,110,12,47,8,177,0
61200,20,0,55,28,5,0,88,2
73800,19,1,35,7,7,10,61,2
81900,19,4,15,4,1,32,52,3
29700,3,1,59,12,6,8,88,2
2700,15,3,13,0,2,24,39,3
80100,30,1,15,1,0,34,50,3
49500,22,1,68,14,32,21,137,1
32400,14,5,69,10,29,12,122,1
64800,6,4,143,15,37,8,206,0
76500,21,4,77,18,13,32,141,1
60300,3,2,123,18,27,7,177,0
40500,7,5,28,9,9,24,70,3
15300,1,5,56,20,3,0,80,2
36900,10,6,51,23,35,19,129,1
72000,18,3,89,14,12,32,149,1
72900,14,2,74,9,11,12,106,2
54000,21,0,139,64,16,1,221,0
75600,10,1,65,18,12,32,129,1
63000,1,5,136,18,27,5,188,0
900,20,3,17,3,0,16,38,2
38700,3,0,136,38,13,6,193,0
78300,19,1,98,7,14,31,152,1
63900,29,3,107,30,39,12,190,0
17100,24,3,58,13,8,15,96,2
67500,21,3,75,13,14,31,134,1
66600,1,5,63,0,19,33,117,1
63000,24,5,120,19,16,16,171,0
17100,15,3,60,5,6,25,96,3
82800,16,1,6,2,0,31,39,3
29700,12,3,138,30,17,9,195,0
42268,7,2,64,5,12,35,117,1
36000,25,4,85,15,26,20,148,1
50400,13,5,91,24,33,12,161,1
76500,4,2,81,18,5,17,121,3
63900,10,4,107,14,43,9,175,0
36900,18,6,54,10,30,28,122,1
13500,13,0,5,0,1,38,44,3
76500,14,2,82,5,12,34,133,1
63900,27,0,64,6,1,13,84,2
26100,30,1,150,17,35,5,207,0
45900,29,3,66,7,15,26,114,3
21600,5,3,147,26,44,5,222,0
29700,26,0,46,9,6,53,115,1
71100,25,4,89,6,12,34,142,1
60327,10,5,107,22,26,8,165,1
81900,15,3,15,5,0,21,41,3
32400,5,3,128,16,34,0,178,0
26851,22,3,103,26,31,1,162,1
34200,9,3,59,6,6,11,83,2
23400,25,6,121,27,50,4,202,0
62100,20,3,144,21,31,10,207,0
54900,23,0,55,12,6,12,87,2
52200,21,5,87,18,34,16,157,1
67500,24,5,71,17,15,31,134,1
23400,26,3,133,19,27,5,185,0
27000,1,6,123,19,25,5,172,0
55800,8,6,34,23,19,17,93,3
50400,22,3,52,16,8,9,86,2
10800,21,2,7,1,0,22,30,3
33300,3,0,164,51,10,1,228,0
63000,4,2,123,18,18,12,171,0
24300,16,3,118,13,30,3,166,1
70200,11,5,67,8,10,31,117,1
65700,15,3,135,10,36,15,196,0
22500,12,4,114,32,34,2,182,0
6300,23,0,15,2,0,11,30,2
67500,9,4,106,22,16,20,164,3
74700,10,5,102,6,12,13,133,3
56700,24,2,71,23,30,12,137,1
59400,11,4,128,8,25,16,178,0
25200,20,3,98,9,20,16,144,1
22500,10,1,132,13,17,10,173,0
69300,18,6,51,23,15,13,102,2
73800,5,1,50,3,3,6,64,2
62100,16,2,105,15,27,13,161,1
27000,4,2,105,32,43,0,180,0
24300,4,2,134,26,27,1,188,0
38700,28,2,25,12,13,5,55,2
32400,14,2,35,5,25,11,76,3
30600,14,2,109,19,30,1,160,1
49500,17,2,66,11,36,21,135,1
36900,23,5,54,6,11,8,79,2
50400,25,6,86,16,12,16,130,3
78300,20,0,5,0,2,39,46,3
75600,15,3,86,3,8,33,131,1
22500,13,4,111,32,37,2,183,0
79200,18,6,6,2,0,35,43,3
67500,15,2,74,11,13,31,131,1
69300,14,2,100,22,14,8,144,3
75600,7,4,70,15,11,33,130,1
55800,6,3,70,16,27,6,120,1
21600,12,5,120,13,29,1,164,1
1800,22,2,11,5,1,11,28,2
76500,1,6,71,16,14,9,110,2
63000,5,3,138,31,38,11,220,0
27900,15,3,122,35,40,1,200,0
16200,25,0,74,0,4,41,122,1
46800,18,6,15,7,12,25,59,3
9900,27,0,6,1,2,23,32,3
22500,26,2,112,27,22,10,172,0
81000,24,5,16,1,0,29,46,3
9900,11,6,11,0,0,28,39,3
61200,17,5,106,10,31,15,164,1
71100,13,0,50,4,4,40,98,3
5400,19,4,17,5,0,18,40,2
55800,19,4,56,29,16,16,117,3
18000,4,2,67,4,3,16,90,2
51300,17,5,8,17,20,18,63,3
19800,11,4,72,3,5,10,90,2
67500,13,3,88,14,14,33,151,1
52200,7,5,73,19,34,15,143,1
18000,7,4,68,20,6,4,100,2
9900,9,1,12,3,0,16,33,2
75600,3,0,27,5,1,25,58,3
78300,24,2,103,11,12,32,160,1
10800,10,5,50,0,3,0,53,2
37800,22,2,50,25,25,28,128,3
25200,30,4,133,15,42,0,192,0
14400,28,2,18,3,0,17,38,2
65700,21,3,112,12,41,5,170,0
27000,15,3,109,27,14,8,158,3
25200,17,5,129,13,17,5,164,3
46800,15,3,35,10,5,30,80,3
76500,28,3,81,13,9,33,139,1
32400,6,1,49,15,15,5,84,2
32400,12,4,144,30,37,1,212,0
26100,23,1,108,11,22,8,149,3
38700,29,3,54,24,37,20,135,1
38700,6,2,111,24,30,14,181,0
27900,7,3,145,21,25,6,199,0
35100,10,5,69,12,10,5,96,2
60300,29,3,112,24,39,16,191,0
74700,17,4,60,17,10,14,103,2
35100,12,2,57,6,36,21,121,1
52200,31,5,102,11,9,11,133,3
36000,16,1,18,15,9,15,57,2
62100,29,1,117,13,35,14,180,0
21600,23,5,114,23,22,9,169,0
75600,22,1,63,18,11,5,97,2
22500,14,1,122,34,39,4,199,0
49500,23,1,69,5,35,23,132,1
27900,10,3,140,14,42,1,199,0
31386,4,4,106,12,28,4,150,1
52200,13,0,126,39,13,7,185,0
55180,11,4,106,29,22,14,172,0
37800,15,0,141,47,15,4,209,0
28662,13,0,66,8,1,50,127,1
81000,14,2,13,1,1,28,43,3
41400,31,5,51,10,14,24,99,3
35100,8,4,49,10,8,15,84,2
39600,17,5,41,5,4,24,74,3
18000,21,1,88,0,3,11,103,2
23400,7,3,110,27,29,4,171,0
30600,13,0,78,6,2,35,121,1
54900,29,3,95,22,28,9,154,1
58500,24,5,121,24,29,7,182,0
84600,16,1,12,4,0,21,37,3
78300,16,1,89,6,17,32,146,1
73800,10,5,96,5,11,13,125,3
43200,19,0,145,48,13,8,215,0
9900,20,0,11,0,0,34,45,3
20700,24,5,66,18,5,9,98,2
46800,26,3,56,7,31,19,114,1
19800,31,5,71,9,4,13,98,2
50400,13,2,67,19,30,13,131,1
12600,7,5,18,2,1,27,48,3
29700,23,0,47,13,2,11,75,2
1800,22,1,10,2,0,12,25,2
44100,22,3,62,3,6,29,100,3
9900,4,2,14,4,0,11,29,2
62100,3,3,141,20,30,10,201,0
32400,10,5,73,9,14,17,113,3
29700,6,1,109,19,49,3,180,0
72900,24,5,87,17,18,7,129,3
73800,2,3,62,20,10,34,128,1
67065,17,2,89,10,17,33,150,1
16200,19,0,31,14,5,10,61,2
64800,6,0,60,5,10,15,92,2
34200,1,5,43,7,5,16,72,2
33300,10,3,95,17,32,10,155,1
50400,21,4,70,20,29,11,131,1
71100,18,2,62,10,14,32,120,1
16200,17,2,66,27,7,7,109,2
36000,23,1,76,11,9,17,113,3
75600,8,6,99,19,15,28,161,3
0,4,2,15,0,1,21,37,3
21600,7,5,121,22,30,0,173,0
23796,23,0,60,16,4,12,93,2
48600,17,5,8,12,22,8,50,3
27000,4,4,139,38,39,4,221,0
16200,28,2,89,10,0,16,115,3
38700,7,2,70,13,32,6,123,1
31500,15,2,136,13,20,8,178,0
28800,23,1,118,19,21,1,159,3
22500,5,2,133,23,15,8,181,0
73800,5,3,91,24,18,29,162,3
30600,16,5,110,23,26,3,164,1
20700,5,2,67,19,2,15,104,2
9900,5,3,12,1,2,26,41,3
58500,16,1,145,12,41,6,204,0
37800,16,1,37,17,7,15,78,2
61200,28,2,123,27,18,16,186,0
16200,12,4,61,5,0,11,77,2
16200,16,5,55,5,4,13,79,2
27000,30,1,103,23,10,9,145,3
50400,30,1,83,22,40,20,165,1
67500,16,1,85,7,13,31,136,1
84600,1,6,7,1,0,38,46,3
74700,24,4,58,18,7,32,116,1
20700,6,1,126,14,14,8,162,3
46800,24,5,59,10,29,18,116,1
76500,25,3,85,13,9,34,142,1
27900,16,2,126,33,22,5,187,0
82800,7,5,15,4,1,39,59,3
34200,27,0,101,41,17,9,168,0
14400,3,0,43,8,0,28,79,3
28800,30,1,113,29,12,15,169,0
62100,28,1,123,13,27,6,171,0
68400,7,1,83,10,13,32,140,1
30600,11,4,119,14,27,1,162,1
17100,20,0,70,15,4,12,102,2
33300,10,1,67,14,39,17,137,1
26100,7,5,101,16,27,12,157,1
64268,18,0,60,18,12,2,93,2
3600,15,3,13,1,2,27,43,3
27900,25,4,133,26,17,10,188,0
30600,19,4,113,10,15,11,149,3
3600,28,2,11,0,1,27,39,3
64800,7,4,109,10,27,14,162,1
16200,20,0,27,15,6,10,58,2
51300,23,0,143,52,17,3,216,0
54900,11,5,87,19,33,10,151,1
22500,19,1,86,3,13,36,140,1
59400,22,2,106,35,41,5,187,0
67500,20,2,106,10,20,34,171,0
1800,23,1,7,1,2,22,32,3
18000,18,2,73,3,4,7,89,2
31500,4,2,143,25,14,12,194,0
67500,17,4,66,10,18,34,130,1
6300,11,4,17,0,0,16,35,2
64800,25,3,134,13,28,15,191,0
71100,11,0,30,8,0,2,41,2
51300,18,1,39,11,6,12,69,2
85500,2,4,5,1,0,36,42,3
36900,1,6,22,8,31,8,69,3
84600,9,4,16,5,0,27,48,3
5400,16,1,15,0,0,26,41,3
24300,24,5,120,31,29,5,185,0
41400,17,5,33,1,9,30,73,3
32400,8,0,50,16,10,6,83,2
75600,24,1,78,17,9,34,139,1
81000,17,5,15,0,0,32,47,3
36000,18,5,27,8,10,12,59,2
41400,29,3,36,2,7,27,72,3
73800,13,1,66,6,3,7,83,2
64800,6,1,145,27,35,7,214,0
4500,11,6,15,0,1,23,39,3
65700,1,5,127,30,35,10,203,0
59400,17,5,117,6,17,16,156,3
61200,25,6,121,37,29,8,195,0
36000,8,5,58,13,7,15,95,2
70200,11,5,91,18,10,31,151,1
69300,17,1,39,7,3,11,61,2
36000,3,4,56,7,35,12,112,1
78300,27,0,26,3,2,3,34,2
49500,18,1,75,10,33,22,141,1
68400,18,6,103,14,13,9,139,3
24673,19,3,118,12,28,2,162,1
1800,18,6,20,5,0,10,35,2
70200,17,5,83,1,5,31,120,1
58500,21,1,148,13,49,5,217,0
76500,12,3,54,16,10,33,116,1
28800,20,4,131,26,48,1,206,0
55800,24,4,93,11,30,24,160,1
13500,29,3,8,1,2,29,40,3
30600,14,2,112,18,28,1,160,1
24300,23,1,94,30,24,8,156,3
50400,25,1,84,22,37,19,164,1
69300,12,5,76,3,10,32,122,1
64800,18,2,111,12,44,7,175,0
46800,1,6,40,9,5,20,74,3
10800,1,6,20,5,1,34,60,3
20700,20,1,74,2,8,7,93,2
50400,2,4,79,12,22,14,127,3
19800,10,5,56,12,2,14,84,2
85500,28,3,16,0,0,12,29,2
79200,18,1,19,1,0,12,33,2
57600,17,4,144,13,18,10,186,0
48600,8,6,39,15,30,8,92,3
22500,24,5,94,24,23,6,147,3
61200,17,5,100,12,14,15,141,3
47700,18,3,45,20,30,18,115,1
1800,23,1,10,2,1,12,25,2
32400,22,3,40,12,20,12,84,3
75600,10,3,54,5,6,9,74,2
18000,4,2,113,6,9,10,138,3
30600,26,4,116,29,14,12,171,0
18900,20,2,73,0,6,12,92,2
37800,11,2,76,16,27,15,136,1
27900,5,3,145,20,24,13,202,0
13500,1,6,15,1,0,28,44,3
25601,16,0,63,7,2,48,121,1
65472,9,3,103,16,40,5,165,1
53100,21,5,102,19,36,18,175,0
27000,27,0,30,9,7,10,56,2
63900,21,2,117,16,24,18,177,0
52200,13,5,83,16,28,25,154,1
20917,10,0,72,4,2,52,131,1
54900,30,1,22,18,15,21,76,3
71100,12,1,55,8,12,11,87,2
24019,8,4,108,12,41,3,164,1
49500,11,3,70,20,35,20,146,1
51300,10,4,76,14,31,16,140,1
36900,31,5,30,10,28,5,73,3
60300,20,3,121,30,39,5,196,0
53100,28,4,50,13,11,16,91,2
28800,15,3,119,36,41,0,196,0
75600,3,4,70,7,13,33,126,1
3600,19,4,16,3,0,15,34,2
74700,3,0,45,2,7,7,61,2
72000,17,5,61,23,13,18,115,3
30600,9,5,110,16,31,1,159,1
43200,25,6,70,8,3,22,103,3
74700,13,5,77,7,9,32,125,1
81900,13,0,18,3,0,18,39,2
71100,21,2,68,21,12,31,134,1
70200,27,0,27,0,1,33,61,3
69300,21,2,55,18,8,11,94,2
74700,8,6,91,18,19,26,154,3
61981,19,3,100,13,37,7,158,1
73800,15,3,110,1,18,20,149,3
53100,16,1,107,10,6,6,129,3
77400,11,4,73,16,12,33,136,1
57600,16,1,130,10,30,20,190,0
33300,27,0,117,38,11,9,175,0
55800,27,1,40,17,10,12,79,2
6300,4,2,14,1,1,35,51,3
74700,8,3,61,13,10,8,94,2
65700,7,5,141,9,43,10,204,0
48600,18,6,96,23,31,14,164,1
70200,24,5,91,9,11,32,143,1
73800,12,4,63,4,20,31,119,1
17100,22,4,55,10,6,14,87,2
49500,11,3,63,24,36,19,142,1
81000,14,2,16,1,0,17,36,2
51300,14,4,76,15,32,14,139,1
30600,14,2,108,20,32,1,161,1
55800,21,0,45,16,7,6,75,2
63900,17,2,109,27,32,9,179,0
49500,10,5,59,19,35,16,129,1
75600,11,6,79,19,13,17,128,3
25200,18,6,141,15,21,5,182,0
6300,23,1,17,3,0,10,30,2
9000,2,4,9,1,0,26,36,3
36000,2,4,59,5,36,12,112,1
31500,30,1,88,28,25,8,149,3
900,21,2,12,0,2,32,46,3
65700,12,4,114,23,35,10,182,0
57600,1,6,102,37,48,9,196,0
72900,17,2,59,16,10,8,95,2
49500,24,5,20,13,16,10,59,3
16091,13,0,63,7,2,57,131,1
69300,1,6,97,18,10,24,149,3
67500,17,1,86,8,13,31,139,1
24300,5,3,147,14,22,7,192,0
55800,3,4,72,22,33,9,137,1
16200,10,3,72,19,5,3,100,2
34672,4,2,70,13,35,13,133,1
50400,11,2,75,17,30,11,134,1
33300,5,4,45,17,34,24,121,1
52200,22,3,18,0,27,12,57,3
29700,18,5,140,20,38,1,199,0
